========================================== 
Automation Started: Wed 09/09/2026  9:30:18.58 
Project Directory: C:\Users\Akashkumar\Desktop\vs code\.vscode\selenium\maintenance 
========================================== 
 
[1] Java Version 
java version "21.0.9" 2025-10-21 LTS
Java(TM) SE Runtime Environment (build 21.0.9+7-LTS-338)
Java HotSpot(TM) 64-Bit Server VM (build 21.0.9+7-LTS-338, mixed mode, sharing)
 
[2] Maven Version 
Apache Maven 3.9.12 (848fbb4bf2d427b72bdb2471c22fced7ebd9a7a1)
Maven home: C:\Tools\apache-maven\apache-maven-3.9.12
Java version: 21.0.9, vendor: Oracle Corporation, runtime: C:\Program Files\Java\jdk-21
Default locale: en_US, platform encoding: UTF-8
OS name: "windows 11", version: "10.0", arch: "amd64", family: "windows"
 
[3] Maven Clean Compile 
[INFO] Scanning for projects...
[INFO] 
[INFO] ------------------------< com.example:selenium >------------------------
[INFO] Building selenium 1.0-SNAPSHOT
[INFO]   from pom.xml
[INFO] --------------------------------[ jar ]---------------------------------
[INFO] 
[INFO] --- clean:3.2.0:clean (default-clean) @ selenium ---
[INFO] Deleting C:\Users\Akashkumar\Desktop\vs code\.vscode\selenium\maintenance\target
[INFO] 
[INFO] --- resources:3.3.1:resources (default-resources) @ selenium ---
[INFO] skip non existing resourceDirectory C:\Users\Akashkumar\Desktop\vs code\.vscode\selenium\maintenance\src\main\resources
[INFO] 
[INFO] --- compiler:3.13.0:compile (default-compile) @ selenium ---
[INFO] Recompiling the module because of changed source code.
[INFO] Compiling 7 source files with javac [debug target 21] to target\classes
[INFO] ------------------------------------------------------------------------
[INFO] BUILD SUCCESS
[INFO] ------------------------------------------------------------------------
[INFO] Total time:  3.010 s
[INFO] Finished at: 2026-09-09T09:30:24+05:30
[INFO] ------------------------------------------------------------------------
Compile Exit Code: 0 
 
[4] Starting Selenium Automation 
[INFO] Scanning for projects...
Downloading from central: https://repo.maven.apache.org/maven2/org/codehaus/mojo/maven-metadata.xml
Downloading from central: https://repo.maven.apache.org/maven2/org/apache/maven/plugins/maven-metadata.xml
Progress (1): 3.7 kBProgress (2): 3.7 kB | 4.6 kBProgress (2): 7.5 kB | 4.6 kBProgress (2): 7.5 kB | 9.7 kBProgress (2): 7.5 kB | 14 kB Progress (2): 13 kB | 14 kB Progress (2): 19 kB | 14 kBProgress (2): 20 kB | 14 kB                           Downloaded from central: https://repo.maven.apache.org/maven2/org/codehaus/mojo/maven-metadata.xml (20 kB at 15 kB/s)
Downloaded from central: https://repo.maven.apache.org/maven2/org/apache/maven/plugins/maven-metadata.xml (14 kB at 11 kB/s)
[INFO] 
[INFO] ------------------------< com.example:selenium >------------------------
[INFO] Building selenium 1.0-SNAPSHOT
[INFO]   from pom.xml
[INFO] --------------------------------[ jar ]---------------------------------
[INFO] 
[INFO] --- exec:3.5.0:java (default-cli) @ selenium ---
ERROR StatusLogger Log4j2 could not find a logging implementation. Please add log4j-core to the classpath. Using SimpleLogger to log to the console...
Total Rows : 12
Sep 09, 2026 9:30:39 AM org.openqa.selenium.devtools.CdpVersionFinder findNearestMatch
WARNING: Unable to find CDP implementation matching 152
Sep 09, 2026 9:30:39 AM org.openqa.selenium.chromium.ChromiumDriver lambda$new$4
WARNING: Unable to find version of CDP to use for 152.0.7977.76. You may need to include a dependency on a specific version of the CDP using something similar to `org.seleniumhq.selenium:selenium-devtools-v86:4.34.0` where the version ("v86") matches the version of the chromium-based browser you're using and the version number of the artifact is the same as Selenium's.
Login successful.
System Notification opened.

##############################################
STARTING PROVIDER
Provider : 3SINGV2 [THREESING]
Start    : 2026-09-10 13:00:00
End      : 2026-09-10 16:00:00
Remark   : Provider is on maintenance
##############################################
Fresh Add Notification modal opened.
Currencies available: [THB, BDT, INR, PKR, SGD, AUD, HKD, MYR, NPR, PHP, MMK, IDR, USD, VND, LAK, TWD, PGK, LKR]

==============================================
Provider : 3SINGV2 [THREESING]
Currency : THB
Attempt  : 1
==============================================
Currency selected: THB
Currency validation PASS
Waiting for merchants to load for THB
Merchant options found: 34
Merchants selected: 34 / 34
All merchants selected successfully for THB
Provider selected successfully: 3SINGV2 [THREESING]
Start date validation PASS
End date validation PASS
Remark validation PASS

======================================
VALIDATING BEFORE SAVE
Provider : 3SINGV2 [THREESING]
Currency : THB
Start    : 2026-09-10 13:00:00
End      : 2026-09-10 16:00:00
Remark   : Provider is on maintenance
======================================

========== VALIDATION START ==========
Provider Validation | Expected: 3SINGV2 [THREESING] | Actual: 3SINGV2 [THREESING] | Result: PASS
Start Date Validation | Expected: 2026-09-10 13:00:00 | Actual: 2026-09-10 13:00:00 | Result: PASS
End Date Validation | Expected: 2026-09-10 16:00:00 | Actual: 2026-09-10 16:00:00 | Result: PASS
Remark Validation | Expected: Provider is on maintenance | Actual: Provider is on maintenance | Result: PASS
--------------------------------------
ALL VALIDATIONS PASSED
========== VALIDATION END ============

ALL VALIDATIONS PASSED
Waiting for AJAX processing...
AJAX processing completed.
Save button found.
Save button clicked.
ERROR WRITING RESULT TO EXCEL: C:\Users\Akashkumar\Desktop\NotificationData.xlsx (The process cannot access the file because it is being used by another process)
RECORDED FAIL: 3SINGV2 [THREESING] | THB | Unexpected toast: Date before cannot more than one day of today
Modal Cancel clicked.
Fresh Add Notification modal opened.

==============================================
Provider : 3SINGV2 [THREESING]
Currency : BDT
Attempt  : 1
==============================================
Currency selected: BDT
Currency validation PASS
Waiting for merchants to load for BDT
Merchant options found: 11
Merchants selected: 11 / 11
All merchants selected successfully for BDT
Provider selected successfully: 3SINGV2 [THREESING]
Start date validation PASS
End date validation PASS
Remark validation PASS

======================================
VALIDATING BEFORE SAVE
Provider : 3SINGV2 [THREESING]
Currency : BDT
Start    : 2026-09-10 13:00:00
End      : 2026-09-10 16:00:00
Remark   : Provider is on maintenance
======================================

========== VALIDATION START ==========
Provider Validation | Expected: 3SINGV2 [THREESING] | Actual: 3SINGV2 [THREESING] | Result: PASS
Start Date Validation | Expected: 2026-09-10 13:00:00 | Actual: 2026-09-10 13:00:00 | Result: PASS
End Date Validation | Expected: 2026-09-10 16:00:00 | Actual: 2026-09-10 16:00:00 | Result: PASS
Remark Validation | Expected: Provider is on maintenance | Actual: Provider is on maintenance | Result: PASS
--------------------------------------
ALL VALIDATIONS PASSED
========== VALIDATION END ============

ALL VALIDATIONS PASSED
Waiting for AJAX processing...
AJAX processing completed.
Save button found.
Save button clicked.
ERROR WRITING RESULT TO EXCEL: C:\Users\Akashkumar\Desktop\NotificationData.xlsx (The process cannot access the file because it is being used by another process)
RECORDED FAIL: 3SINGV2 [THREESING] | BDT | Unexpected toast: Date before cannot more than one day of today
Modal Cancel clicked.
Fresh Add Notification modal opened.

==============================================
Provider : 3SINGV2 [THREESING]
Currency : INR
Attempt  : 1
==============================================
Currency selected: INR
Currency validation PASS
Waiting for merchants to load for INR
Merchant options found: 5
Merchants selected: 5 / 5
All merchants selected successfully for INR
Provider selected successfully: 3SINGV2 [THREESING]
Start date validation PASS
End date validation PASS
Remark validation PASS

======================================
VALIDATING BEFORE SAVE
Provider : 3SINGV2 [THREESING]
Currency : INR
Start    : 2026-09-10 13:00:00
End      : 2026-09-10 16:00:00
Remark   : Provider is on maintenance
======================================

========== VALIDATION START ==========
Provider Validation | Expected: 3SINGV2 [THREESING] | Actual: 3SINGV2 [THREESING] | Result: PASS
Start Date Validation | Expected: 2026-09-10 13:00:00 | Actual: 2026-09-10 13:00:00 | Result: PASS
End Date Validation | Expected: 2026-09-10 16:00:00 | Actual: 2026-09-10 16:00:00 | Result: PASS
Remark Validation | Expected: Provider is on maintenance | Actual: Provider is on maintenance | Result: PASS
--------------------------------------
ALL VALIDATIONS PASSED
========== VALIDATION END ============

ALL VALIDATIONS PASSED
Waiting for AJAX processing...
AJAX processing completed.
Save button found.
Save button clicked.
ERROR WRITING RESULT TO EXCEL: C:\Users\Akashkumar\Desktop\NotificationData.xlsx (The process cannot access the file because it is being used by another process)
RECORDED FAIL: 3SINGV2 [THREESING] | INR | Unexpected toast: Date before cannot more than one day of today
Modal Cancel clicked.
Fresh Add Notification modal opened.

==============================================
Provider : 3SINGV2 [THREESING]
Currency : PKR
Attempt  : 1
==============================================
Currency selected: PKR
Currency validation PASS
Waiting for merchants to load for PKR
Merchant options found: 4
Merchants selected: 4 / 4
All merchants selected successfully for PKR
Provider selected successfully: 3SINGV2 [THREESING]
Start date validation PASS
End date validation PASS
Remark validation PASS

======================================
VALIDATING BEFORE SAVE
Provider : 3SINGV2 [THREESING]
Currency : PKR
Start    : 2026-09-10 13:00:00
End      : 2026-09-10 16:00:00
Remark   : Provider is on maintenance
======================================

========== VALIDATION START ==========
Provider Validation | Expected: 3SINGV2 [THREESING] | Actual: 3SINGV2 [THREESING] | Result: PASS
Start Date Validation | Expected: 2026-09-10 13:00:00 | Actual: 2026-09-10 13:00:00 | Result: PASS
End Date Validation | Expected: 2026-09-10 16:00:00 | Actual: 2026-09-10 16:00:00 | Result: PASS
Remark Validation | Expected: Provider is on maintenance | Actual: Provider is on maintenance | Result: PASS
--------------------------------------
ALL VALIDATIONS PASSED
========== VALIDATION END ============

ALL VALIDATIONS PASSED
Waiting for AJAX processing...
AJAX processing completed.
Save button found.
Save button clicked.
ERROR WRITING RESULT TO EXCEL: C:\Users\Akashkumar\Desktop\NotificationData.xlsx (The process cannot access the file because it is being used by another process)
RECORDED FAIL: 3SINGV2 [THREESING] | PKR | Unexpected toast: Date before cannot more than one day of today
Modal Cancel clicked.
Fresh Add Notification modal opened.

==============================================
Provider : 3SINGV2 [THREESING]
Currency : SGD
Attempt  : 1
==============================================
Currency selected: SGD
Currency validation PASS
Waiting for merchants to load for SGD
Merchant options found: 9
Merchants selected: 9 / 9
All merchants selected successfully for SGD
Provider selected successfully: 3SINGV2 [THREESING]
Start date validation PASS
End date validation PASS
Remark validation PASS

======================================
VALIDATING BEFORE SAVE
Provider : 3SINGV2 [THREESING]
Currency : SGD
Start    : 2026-09-10 13:00:00
End      : 2026-09-10 16:00:00
Remark   : Provider is on maintenance
======================================

========== VALIDATION START ==========
Provider Validation | Expected: 3SINGV2 [THREESING] | Actual: 3SINGV2 [THREESING] | Result: PASS
Start Date Validation | Expected: 2026-09-10 13:00:00 | Actual: 2026-09-10 13:00:00 | Result: PASS
End Date Validation | Expected: 2026-09-10 16:00:00 | Actual: 2026-09-10 16:00:00 | Result: PASS
Remark Validation | Expected: Provider is on maintenance | Actual: Provider is on maintenance | Result: PASS
--------------------------------------
ALL VALIDATIONS PASSED
========== VALIDATION END ============

ALL VALIDATIONS PASSED
Waiting for AJAX processing...
AJAX processing completed.
Save button found.
Save button clicked.
ERROR WRITING RESULT TO EXCEL: C:\Users\Akashkumar\Desktop\NotificationData.xlsx (The process cannot access the file because it is being used by another process)
RECORDED FAIL: 3SINGV2 [THREESING] | SGD | Unexpected toast: Date before cannot more than one day of today
Modal Cancel clicked.
Fresh Add Notification modal opened.

==============================================
Provider : 3SINGV2 [THREESING]
Currency : AUD
Attempt  : 1
==============================================
Currency selected: AUD
Currency validation PASS
Waiting for merchants to load for AUD
Merchant options found: 25
Merchants selected: 25 / 25
All merchants selected successfully for AUD
Provider selected successfully: 3SINGV2 [THREESING]
Start date validation PASS
End date validation PASS
Remark validation PASS

======================================
VALIDATING BEFORE SAVE
Provider : 3SINGV2 [THREESING]
Currency : AUD
Start    : 2026-09-10 13:00:00
End      : 2026-09-10 16:00:00
Remark   : Provider is on maintenance
======================================

========== VALIDATION START ==========
Provider Validation | Expected: 3SINGV2 [THREESING] | Actual: 3SINGV2 [THREESING] | Result: PASS
Start Date Validation | Expected: 2026-09-10 13:00:00 | Actual: 2026-09-10 13:00:00 | Result: PASS
End Date Validation | Expected: 2026-09-10 16:00:00 | Actual: 2026-09-10 16:00:00 | Result: PASS
Remark Validation | Expected: Provider is on maintenance | Actual: Provider is on maintenance | Result: PASS
--------------------------------------
ALL VALIDATIONS PASSED
========== VALIDATION END ============

ALL VALIDATIONS PASSED
Waiting for AJAX processing...
AJAX processing completed.
Save button found.
Save button clicked.
ERROR WRITING RESULT TO EXCEL: C:\Users\Akashkumar\Desktop\NotificationData.xlsx (The process cannot access the file because it is being used by another process)
RECORDED FAIL: 3SINGV2 [THREESING] | AUD | Unexpected toast: Date before cannot more than one day of today
Modal Cancel clicked.
Fresh Add Notification modal opened.

==============================================
Provider : 3SINGV2 [THREESING]
Currency : HKD
Attempt  : 1
==============================================
Currency selected: HKD
Currency validation PASS
Waiting for merchants to load for HKD
Merchant options found: 3
Merchants selected: 3 / 3
All merchants selected successfully for HKD
Provider selected successfully: 3SINGV2 [THREESING]
Start date validation PASS
End date validation PASS
Remark validation PASS

======================================
VALIDATING BEFORE SAVE
Provider : 3SINGV2 [THREESING]
Currency : HKD
Start    : 2026-09-10 13:00:00
End      : 2026-09-10 16:00:00
Remark   : Provider is on maintenance
======================================

========== VALIDATION START ==========
Provider Validation | Expected: 3SINGV2 [THREESING] | Actual: 3SINGV2 [THREESING] | Result: PASS
Start Date Validation | Expected: 2026-09-10 13:00:00 | Actual: 2026-09-10 13:00:00 | Result: PASS
End Date Validation | Expected: 2026-09-10 16:00:00 | Actual: 2026-09-10 16:00:00 | Result: PASS
Remark Validation | Expected: Provider is on maintenance | Actual: Provider is on maintenance | Result: PASS
--------------------------------------
ALL VALIDATIONS PASSED
========== VALIDATION END ============

ALL VALIDATIONS PASSED
Waiting for AJAX processing...
AJAX processing completed.
Save button found.
Save button clicked.
ERROR WRITING RESULT TO EXCEL: C:\Users\Akashkumar\Desktop\NotificationData.xlsx (The process cannot access the file because it is being used by another process)
RECORDED FAIL: 3SINGV2 [THREESING] | HKD | Unexpected toast: Date before cannot more than one day of today
Modal Cancel clicked.
Fresh Add Notification modal opened.

==============================================
Provider : 3SINGV2 [THREESING]
Currency : MYR
Attempt  : 1
==============================================
Currency selected: MYR
Currency validation PASS
Waiting for merchants to load for MYR
Merchant options found: 22
Merchants selected: 22 / 22
All merchants selected successfully for MYR
Provider selected successfully: 3SINGV2 [THREESING]
Start date validation PASS
End date validation PASS
Remark validation PASS

======================================
VALIDATING BEFORE SAVE
Provider : 3SINGV2 [THREESING]
Currency : MYR
Start    : 2026-09-10 13:00:00
End      : 2026-09-10 16:00:00
Remark   : Provider is on maintenance
======================================

========== VALIDATION START ==========
Provider Validation | Expected: 3SINGV2 [THREESING] | Actual: 3SINGV2 [THREESING] | Result: PASS
Start Date Validation | Expected: 2026-09-10 13:00:00 | Actual: 2026-09-10 13:00:00 | Result: PASS
End Date Validation | Expected: 2026-09-10 16:00:00 | Actual: 2026-09-10 16:00:00 | Result: PASS
Remark Validation | Expected: Provider is on maintenance | Actual: Provider is on maintenance | Result: PASS
--------------------------------------
ALL VALIDATIONS PASSED
========== VALIDATION END ============

ALL VALIDATIONS PASSED
Waiting for AJAX processing...
AJAX processing completed.
Save button found.
Save button clicked.
ERROR WRITING RESULT TO EXCEL: C:\Users\Akashkumar\Desktop\NotificationData.xlsx (The process cannot access the file because it is being used by another process)
RECORDED FAIL: 3SINGV2 [THREESING] | MYR | Unexpected toast: Date before cannot more than one day of today
Modal Cancel clicked.
Fresh Add Notification modal opened.

==============================================
Provider : 3SINGV2 [THREESING]
Currency : NPR
Attempt  : 1
==============================================
Currency selected: NPR
Currency validation PASS
Waiting for merchants to load for NPR
Merchant options found: 32
Merchants selected: 32 / 32
All merchants selected successfully for NPR
Provider selected successfully: 3SINGV2 [THREESING]
Start date validation PASS
End date validation PASS
Remark validation PASS

======================================
VALIDATING BEFORE SAVE
Provider : 3SINGV2 [THREESING]
Currency : NPR
Start    : 2026-09-10 13:00:00
End      : 2026-09-10 16:00:00
Remark   : Provider is on maintenance
======================================

========== VALIDATION START ==========
Provider Validation | Expected: 3SINGV2 [THREESING] | Actual: 3SINGV2 [THREESING] | Result: PASS
Start Date Validation | Expected: 2026-09-10 13:00:00 | Actual: 2026-09-10 13:00:00 | Result: PASS
End Date Validation | Expected: 2026-09-10 16:00:00 | Actual: 2026-09-10 16:00:00 | Result: PASS
Remark Validation | Expected: Provider is on maintenance | Actual: Provider is on maintenance | Result: PASS
--------------------------------------
ALL VALIDATIONS PASSED
========== VALIDATION END ============

ALL VALIDATIONS PASSED
Waiting for AJAX processing...
AJAX processing completed.
Save button found.
Save button clicked.
ERROR WRITING RESULT TO EXCEL: C:\Users\Akashkumar\Desktop\NotificationData.xlsx (The process cannot access the file because it is being used by another process)
RECORDED FAIL: 3SINGV2 [THREESING] | NPR | Unexpected toast: Date before cannot more than one day of today
Modal Cancel clicked.
Fresh Add Notification modal opened.

==============================================
Provider : 3SINGV2 [THREESING]
Currency : PHP
Attempt  : 1
==============================================
Currency selected: PHP
Currency validation PASS
Waiting for merchants to load for PHP
Merchant options found: 13
Merchants selected: 13 / 13
All merchants selected successfully for PHP
Provider selected successfully: 3SINGV2 [THREESING]
Start date validation PASS
End date validation PASS
Remark validation PASS

======================================
VALIDATING BEFORE SAVE
Provider : 3SINGV2 [THREESING]
Currency : PHP
Start    : 2026-09-10 13:00:00
End      : 2026-09-10 16:00:00
Remark   : Provider is on maintenance
======================================

========== VALIDATION START ==========
Provider Validation | Expected: 3SINGV2 [THREESING] | Actual: 3SINGV2 [THREESING] | Result: PASS
Start Date Validation | Expected: 2026-09-10 13:00:00 | Actual: 2026-09-10 13:00:00 | Result: PASS
End Date Validation | Expected: 2026-09-10 16:00:00 | Actual: 2026-09-10 16:00:00 | Result: PASS
Remark Validation | Expected: Provider is on maintenance | Actual: Provider is on maintenance | Result: PASS
--------------------------------------
ALL VALIDATIONS PASSED
========== VALIDATION END ============

ALL VALIDATIONS PASSED
Waiting for AJAX processing...
AJAX processing completed.
Save button found.
Save button clicked.
ERROR WRITING RESULT TO EXCEL: C:\Users\Akashkumar\Desktop\NotificationData.xlsx (The process cannot access the file because it is being used by another process)
RECORDED FAIL: 3SINGV2 [THREESING] | PHP | Unexpected toast: Date before cannot more than one day of today
Modal Cancel clicked.
Fresh Add Notification modal opened.

==============================================
Provider : 3SINGV2 [THREESING]
Currency : MMK
Attempt  : 1
==============================================
Currency selected: MMK
Currency validation PASS
Waiting for merchants to load for MMK
Merchant options found: 2
Merchants selected: 2 / 2
All merchants selected successfully for MMK
Provider selected successfully: 3SINGV2 [THREESING]
Start date validation PASS
End date validation PASS
Remark validation PASS

======================================
VALIDATING BEFORE SAVE
Provider : 3SINGV2 [THREESING]
Currency : MMK
Start    : 2026-09-10 13:00:00
End      : 2026-09-10 16:00:00
Remark   : Provider is on maintenance
======================================

========== VALIDATION START ==========
Provider Validation | Expected: 3SINGV2 [THREESING] | Actual: 3SINGV2 [THREESING] | Result: PASS
Start Date Validation | Expected: 2026-09-10 13:00:00 | Actual: 2026-09-10 13:00:00 | Result: PASS
End Date Validation | Expected: 2026-09-10 16:00:00 | Actual: 2026-09-10 16:00:00 | Result: PASS
Remark Validation | Expected: Provider is on maintenance | Actual: Provider is on maintenance | Result: PASS
--------------------------------------
ALL VALIDATIONS PASSED
========== VALIDATION END ============

ALL VALIDATIONS PASSED
Waiting for AJAX processing...
AJAX processing completed.
Save button found.
Save button clicked.
ERROR WRITING RESULT TO EXCEL: C:\Users\Akashkumar\Desktop\NotificationData.xlsx (The process cannot access the file because it is being used by another process)
RECORDED FAIL: 3SINGV2 [THREESING] | MMK | Unexpected toast: Date before cannot more than one day of today
Modal Cancel clicked.
Fresh Add Notification modal opened.

==============================================
Provider : 3SINGV2 [THREESING]
Currency : IDR
Attempt  : 1
==============================================
Currency selected: IDR
Currency validation PASS
Waiting for merchants to load for IDR
Merchant options found: 4
Merchants selected: 4 / 4
All merchants selected successfully for IDR
Provider selected successfully: 3SINGV2 [THREESING]
Start date validation PASS
End date validation PASS
Remark validation PASS

======================================
VALIDATING BEFORE SAVE
Provider : 3SINGV2 [THREESING]
Currency : IDR
Start    : 2026-09-10 13:00:00
End      : 2026-09-10 16:00:00
Remark   : Provider is on maintenance
======================================

========== VALIDATION START ==========
Provider Validation | Expected: 3SINGV2 [THREESING] | Actual: 3SINGV2 [THREESING] | Result: PASS
Start Date Validation | Expected: 2026-09-10 13:00:00 | Actual: 2026-09-10 13:00:00 | Result: PASS
End Date Validation | Expected: 2026-09-10 16:00:00 | Actual: 2026-09-10 16:00:00 | Result: PASS
Remark Validation | Expected: Provider is on maintenance | Actual: Provider is on maintenance | Result: PASS
--------------------------------------
ALL VALIDATIONS PASSED
========== VALIDATION END ============

ALL VALIDATIONS PASSED
Waiting for AJAX processing...
AJAX processing completed.
Save button found.
Save button clicked.
ERROR WRITING RESULT TO EXCEL: C:\Users\Akashkumar\Desktop\NotificationData.xlsx (The process cannot access the file because it is being used by another process)
RECORDED FAIL: 3SINGV2 [THREESING] | IDR | Unexpected toast: Date before cannot more than one day of today
Modal Cancel clicked.
Fresh Add Notification modal opened.

==============================================
Provider : 3SINGV2 [THREESING]
Currency : USD
Attempt  : 1
==============================================
Currency selected: USD
Currency validation PASS
Waiting for merchants to load for USD
Merchant options found: 5
Merchants selected: 5 / 5
All merchants selected successfully for USD
Provider selected successfully: 3SINGV2 [THREESING]
Start date validation PASS
End date validation PASS
Remark validation PASS

======================================
VALIDATING BEFORE SAVE
Provider : 3SINGV2 [THREESING]
Currency : USD
Start    : 2026-09-10 13:00:00
End      : 2026-09-10 16:00:00
Remark   : Provider is on maintenance
======================================

========== VALIDATION START ==========
Provider Validation | Expected: 3SINGV2 [THREESING] | Actual: 3SINGV2 [THREESING] | Result: PASS
Start Date Validation | Expected: 2026-09-10 13:00:00 | Actual: 2026-09-10 13:00:00 | Result: PASS
End Date Validation | Expected: 2026-09-10 16:00:00 | Actual: 2026-09-10 16:00:00 | Result: PASS
Remark Validation | Expected: Provider is on maintenance | Actual: Provider is on maintenance | Result: PASS
--------------------------------------
ALL VALIDATIONS PASSED
========== VALIDATION END ============

ALL VALIDATIONS PASSED
Waiting for AJAX processing...
AJAX processing completed.
Save button found.
Save button clicked.
ERROR WRITING RESULT TO EXCEL: C:\Users\Akashkumar\Desktop\NotificationData.xlsx (The process cannot access the file because it is being used by another process)
RECORDED FAIL: 3SINGV2 [THREESING] | USD | Unexpected toast: Date before cannot more than one day of today
Modal Cancel clicked.
Fresh Add Notification modal opened.

==============================================
Provider : 3SINGV2 [THREESING]
Currency : VND
Attempt  : 1
==============================================
Currency selected: VND
Currency validation PASS
Waiting for merchants to load for VND
Merchant options found: 3
Merchants selected: 3 / 3
All merchants selected successfully for VND
Provider selected successfully: 3SINGV2 [THREESING]
Start date validation PASS
End date validation PASS
Remark validation PASS

======================================
VALIDATING BEFORE SAVE
Provider : 3SINGV2 [THREESING]
Currency : VND
Start    : 2026-09-10 13:00:00
End      : 2026-09-10 16:00:00
Remark   : Provider is on maintenance
======================================

========== VALIDATION START ==========
Provider Validation | Expected: 3SINGV2 [THREESING] | Actual: 3SINGV2 [THREESING] | Result: PASS
Start Date Validation | Expected: 2026-09-10 13:00:00 | Actual: 2026-09-10 13:00:00 | Result: PASS
End Date Validation | Expected: 2026-09-10 16:00:00 | Actual: 2026-09-10 16:00:00 | Result: PASS
Remark Validation | Expected: Provider is on maintenance | Actual: Provider is on maintenance | Result: PASS
--------------------------------------
ALL VALIDATIONS PASSED
========== VALIDATION END ============

ALL VALIDATIONS PASSED
Waiting for AJAX processing...
AJAX processing completed.
Save button found.
Save button clicked.
ERROR WRITING RESULT TO EXCEL: C:\Users\Akashkumar\Desktop\NotificationData.xlsx (The process cannot access the file because it is being used by another process)
RECORDED FAIL: 3SINGV2 [THREESING] | VND | Unexpected toast: Date before cannot more than one day of today
Modal Cancel clicked.
Failed to open fresh Add Notification:
invalid session id: session deleted as the browser has closed the connection
from disconnected: unable to send message to renderer
  (Session info: chrome=152.0.7977.76)
Build info: version: '4.34.0', revision: '707dcb4246*'
System info: os.name: 'Windows 11', os.arch: 'amd64', os.version: '10.0', java.version: '21.0.9'
Driver info: org.openqa.selenium.chrome.ChromeDriver
Command: [63ce7032a5acc5d150fc2b369ec9e7df, findElement {using=css selector, value=.modal-backdrop}]
Capabilities {acceptInsecureCerts: false, browserName: chrome, browserVersion: 152.0.7977.76, chrome: {chromedriverVersion: 152.0.7977.82 (d04cdb24d67b..., userDataDir: C:\Users\AKASHK~1\AppData\L...}, fedcm:accounts: true, goog:chromeOptions: {debuggerAddress: localhost:64152}, goog:processID: 23988, networkConnectionEnabled: false, pageLoadStrategy: normal, platformName: windows, proxy: Proxy(), se:cdp: ws://localhost:64152/devtoo..., se:cdpVersion: 152.0.7977.76, setWindowRect: true, strictFileInteractability: false, timeouts: {implicit: 0, pageLoad: 300000, script: 30000}, unhandledPromptBehavior: dismiss and notify, webauthn:extension:credBlob: true, webauthn:extension:largeBlob: true, webauthn:extension:minPinLength: true, webauthn:extension:prf: true, webauthn:virtualAuthenticators: true}
Session ID: 63ce7032a5acc5d150fc2b369ec9e7df
Could not open fresh modal for next currency.

==============================================
NORMAL CURRENCY PROCESSING COMPLETED
Provider : 3SINGV2 [THREESING]
Failed currencies:
THB -> Unexpected toast: Date before cannot more than one day of today
BDT -> Unexpected toast: Date before cannot more than one day of today
INR -> Unexpected toast: Date before cannot more than one day of today
PKR -> Unexpected toast: Date before cannot more than one day of today
SGD -> Unexpected toast: Date before cannot more than one day of today
AUD -> Unexpected toast: Date before cannot more than one day of today
HKD -> Unexpected toast: Date before cannot more than one day of today
MYR -> Unexpected toast: Date before cannot more than one day of today
NPR -> Unexpected toast: Date before cannot more than one day of today
PHP -> Unexpected toast: Date before cannot more than one day of today
MMK -> Unexpected toast: Date before cannot more than one day of today
IDR -> Unexpected toast: Date before cannot more than one day of today
USD -> Unexpected toast: Date before cannot more than one day of today
VND -> Unexpected toast: Date before cannot more than one day of today
==============================================

**********************************************
STARTING RETRY OF FAILED CURRENCIES
Provider : 3SINGV2 [THREESING]
**********************************************

----------------------------------------------
RETRY ATTEMPT : 2
Provider : 3SINGV2 [THREESING]
Currency : THB
Original Error : Unexpected toast: Date before cannot more than one day of today
----------------------------------------------
Failed to open fresh Add Notification:
invalid session id
Build info: version: '4.34.0', revision: '707dcb4246*'
System info: os.name: 'Windows 11', os.arch: 'amd64', os.version: '10.0', java.version: '21.0.9'
Driver info: org.openqa.selenium.chrome.ChromeDriver
Command: [63ce7032a5acc5d150fc2b369ec9e7df, findElement {using=id, value=addMaintenance}]
Capabilities {acceptInsecureCerts: false, browserName: chrome, browserVersion: 152.0.7977.76, chrome: {chromedriverVersion: 152.0.7977.82 (d04cdb24d67b..., userDataDir: C:\Users\AKASHK~1\AppData\L...}, fedcm:accounts: true, goog:chromeOptions: {debuggerAddress: localhost:64152}, goog:processID: 23988, networkConnectionEnabled: false, pageLoadStrategy: normal, platformName: windows, proxy: Proxy(), se:cdp: ws://localhost:64152/devtoo..., se:cdpVersion: 152.0.7977.76, setWindowRect: true, strictFileInteractability: false, timeouts: {implicit: 0, pageLoad: 300000, script: 30000}, unhandledPromptBehavior: dismiss and notify, webauthn:extension:credBlob: true, webauthn:extension:largeBlob: true, webauthn:extension:minPinLength: true, webauthn:extension:prf: true, webauthn:virtualAuthenticators: true}
Session ID: 63ce7032a5acc5d150fc2b369ec9e7df
ERROR WRITING RESULT TO EXCEL: C:\Users\Akashkumar\Desktop\NotificationData.xlsx (The process cannot access the file because it is being used by another process)

----------------------------------------------
RETRY ATTEMPT : 2
Provider : 3SINGV2 [THREESING]
Currency : BDT
Original Error : Unexpected toast: Date before cannot more than one day of today
----------------------------------------------
Failed to open fresh Add Notification:
invalid session id
Build info: version: '4.34.0', revision: '707dcb4246*'
System info: os.name: 'Windows 11', os.arch: 'amd64', os.version: '10.0', java.version: '21.0.9'
Driver info: org.openqa.selenium.chrome.ChromeDriver
Command: [63ce7032a5acc5d150fc2b369ec9e7df, findElement {using=id, value=addMaintenance}]
Capabilities {acceptInsecureCerts: false, browserName: chrome, browserVersion: 152.0.7977.76, chrome: {chromedriverVersion: 152.0.7977.82 (d04cdb24d67b..., userDataDir: C:\Users\AKASHK~1\AppData\L...}, fedcm:accounts: true, goog:chromeOptions: {debuggerAddress: localhost:64152}, goog:processID: 23988, networkConnectionEnabled: false, pageLoadStrategy: normal, platformName: windows, proxy: Proxy(), se:cdp: ws://localhost:64152/devtoo..., se:cdpVersion: 152.0.7977.76, setWindowRect: true, strictFileInteractability: false, timeouts: {implicit: 0, pageLoad: 300000, script: 30000}, unhandledPromptBehavior: dismiss and notify, webauthn:extension:credBlob: true, webauthn:extension:largeBlob: true, webauthn:extension:minPinLength: true, webauthn:extension:prf: true, webauthn:virtualAuthenticators: true}
Session ID: 63ce7032a5acc5d150fc2b369ec9e7df
ERROR WRITING RESULT TO EXCEL: C:\Users\Akashkumar\Desktop\NotificationData.xlsx (The process cannot access the file because it is being used by another process)

----------------------------------------------
RETRY ATTEMPT : 2
Provider : 3SINGV2 [THREESING]
Currency : INR
Original Error : Unexpected toast: Date before cannot more than one day of today
----------------------------------------------
Failed to open fresh Add Notification:
invalid session id
Build info: version: '4.34.0', revision: '707dcb4246*'
System info: os.name: 'Windows 11', os.arch: 'amd64', os.version: '10.0', java.version: '21.0.9'
Driver info: org.openqa.selenium.chrome.ChromeDriver
Command: [63ce7032a5acc5d150fc2b369ec9e7df, findElement {using=id, value=addMaintenance}]
Capabilities {acceptInsecureCerts: false, browserName: chrome, browserVersion: 152.0.7977.76, chrome: {chromedriverVersion: 152.0.7977.82 (d04cdb24d67b..., userDataDir: C:\Users\AKASHK~1\AppData\L...}, fedcm:accounts: true, goog:chromeOptions: {debuggerAddress: localhost:64152}, goog:processID: 23988, networkConnectionEnabled: false, pageLoadStrategy: normal, platformName: windows, proxy: Proxy(), se:cdp: ws://localhost:64152/devtoo..., se:cdpVersion: 152.0.7977.76, setWindowRect: true, strictFileInteractability: false, timeouts: {implicit: 0, pageLoad: 300000, script: 30000}, unhandledPromptBehavior: dismiss and notify, webauthn:extension:credBlob: true, webauthn:extension:largeBlob: true, webauthn:extension:minPinLength: true, webauthn:extension:prf: true, webauthn:virtualAuthenticators: true}
Session ID: 63ce7032a5acc5d150fc2b369ec9e7df
ERROR WRITING RESULT TO EXCEL: C:\Users\Akashkumar\Desktop\NotificationData.xlsx (The process cannot access the file because it is being used by another process)

----------------------------------------------
RETRY ATTEMPT : 2
Provider : 3SINGV2 [THREESING]
Currency : PKR
Original Error : Unexpected toast: Date before cannot more than one day of today
----------------------------------------------
Failed to open fresh Add Notification:
invalid session id
Build info: version: '4.34.0', revision: '707dcb4246*'
System info: os.name: 'Windows 11', os.arch: 'amd64', os.version: '10.0', java.version: '21.0.9'
Driver info: org.openqa.selenium.chrome.ChromeDriver
Command: [63ce7032a5acc5d150fc2b369ec9e7df, findElement {using=id, value=addMaintenance}]
Capabilities {acceptInsecureCerts: false, browserName: chrome, browserVersion: 152.0.7977.76, chrome: {chromedriverVersion: 152.0.7977.82 (d04cdb24d67b..., userDataDir: C:\Users\AKASHK~1\AppData\L...}, fedcm:accounts: true, goog:chromeOptions: {debuggerAddress: localhost:64152}, goog:processID: 23988, networkConnectionEnabled: false, pageLoadStrategy: normal, platformName: windows, proxy: Proxy(), se:cdp: ws://localhost:64152/devtoo..., se:cdpVersion: 152.0.7977.76, setWindowRect: true, strictFileInteractability: false, timeouts: {implicit: 0, pageLoad: 300000, script: 30000}, unhandledPromptBehavior: dismiss and notify, webauthn:extension:credBlob: true, webauthn:extension:largeBlob: true, webauthn:extension:minPinLength: true, webauthn:extension:prf: true, webauthn:virtualAuthenticators: true}
Session ID: 63ce7032a5acc5d150fc2b369ec9e7df
ERROR WRITING RESULT TO EXCEL: C:\Users\Akashkumar\Desktop\NotificationData.xlsx (The process cannot access the file because it is being used by another process)

----------------------------------------------
RETRY ATTEMPT : 2
Provider : 3SINGV2 [THREESING]
Currency : SGD
Original Error : Unexpected toast: Date before cannot more than one day of today
----------------------------------------------
Failed to open fresh Add Notification:
invalid session id
Build info: version: '4.34.0', revision: '707dcb4246*'
System info: os.name: 'Windows 11', os.arch: 'amd64', os.version: '10.0', java.version: '21.0.9'
Driver info: org.openqa.selenium.chrome.ChromeDriver
Command: [63ce7032a5acc5d150fc2b369ec9e7df, findElement {using=id, value=addMaintenance}]
Capabilities {acceptInsecureCerts: false, browserName: chrome, browserVersion: 152.0.7977.76, chrome: {chromedriverVersion: 152.0.7977.82 (d04cdb24d67b..., userDataDir: C:\Users\AKASHK~1\AppData\L...}, fedcm:accounts: true, goog:chromeOptions: {debuggerAddress: localhost:64152}, goog:processID: 23988, networkConnectionEnabled: false, pageLoadStrategy: normal, platformName: windows, proxy: Proxy(), se:cdp: ws://localhost:64152/devtoo..., se:cdpVersion: 152.0.7977.76, setWindowRect: true, strictFileInteractability: false, timeouts: {implicit: 0, pageLoad: 300000, script: 30000}, unhandledPromptBehavior: dismiss and notify, webauthn:extension:credBlob: true, webauthn:extension:largeBlob: true, webauthn:extension:minPinLength: true, webauthn:extension:prf: true, webauthn:virtualAuthenticators: true}
Session ID: 63ce7032a5acc5d150fc2b369ec9e7df
ERROR WRITING RESULT TO EXCEL: C:\Users\Akashkumar\Desktop\NotificationData.xlsx (The process cannot access the file because it is being used by another process)

----------------------------------------------
RETRY ATTEMPT : 2
Provider : 3SINGV2 [THREESING]
Currency : AUD
Original Error : Unexpected toast: Date before cannot more than one day of today
----------------------------------------------
Failed to open fresh Add Notification:
invalid session id
Build info: version: '4.34.0', revision: '707dcb4246*'
System info: os.name: 'Windows 11', os.arch: 'amd64', os.version: '10.0', java.version: '21.0.9'
Driver info: org.openqa.selenium.chrome.ChromeDriver
Command: [63ce7032a5acc5d150fc2b369ec9e7df, findElement {using=id, value=addMaintenance}]
Capabilities {acceptInsecureCerts: false, browserName: chrome, browserVersion: 152.0.7977.76, chrome: {chromedriverVersion: 152.0.7977.82 (d04cdb24d67b..., userDataDir: C:\Users\AKASHK~1\AppData\L...}, fedcm:accounts: true, goog:chromeOptions: {debuggerAddress: localhost:64152}, goog:processID: 23988, networkConnectionEnabled: false, pageLoadStrategy: normal, platformName: windows, proxy: Proxy(), se:cdp: ws://localhost:64152/devtoo..., se:cdpVersion: 152.0.7977.76, setWindowRect: true, strictFileInteractability: false, timeouts: {implicit: 0, pageLoad: 300000, script: 30000}, unhandledPromptBehavior: dismiss and notify, webauthn:extension:credBlob: true, webauthn:extension:largeBlob: true, webauthn:extension:minPinLength: true, webauthn:extension:prf: true, webauthn:virtualAuthenticators: true}
Session ID: 63ce7032a5acc5d150fc2b369ec9e7df
ERROR WRITING RESULT TO EXCEL: C:\Users\Akashkumar\Desktop\NotificationData.xlsx (The process cannot access the file because it is being used by another process)

----------------------------------------------
RETRY ATTEMPT : 2
Provider : 3SINGV2 [THREESING]
Currency : HKD
Original Error : Unexpected toast: Date before cannot more than one day of today
----------------------------------------------
Failed to open fresh Add Notification:
invalid session id
Build info: version: '4.34.0', revision: '707dcb4246*'
System info: os.name: 'Windows 11', os.arch: 'amd64', os.version: '10.0', java.version: '21.0.9'
Driver info: org.openqa.selenium.chrome.ChromeDriver
Command: [63ce7032a5acc5d150fc2b369ec9e7df, findElement {using=id, value=addMaintenance}]
Capabilities {acceptInsecureCerts: false, browserName: chrome, browserVersion: 152.0.7977.76, chrome: {chromedriverVersion: 152.0.7977.82 (d04cdb24d67b..., userDataDir: C:\Users\AKASHK~1\AppData\L...}, fedcm:accounts: true, goog:chromeOptions: {debuggerAddress: localhost:64152}, goog:processID: 23988, networkConnectionEnabled: false, pageLoadStrategy: normal, platformName: windows, proxy: Proxy(), se:cdp: ws://localhost:64152/devtoo..., se:cdpVersion: 152.0.7977.76, setWindowRect: true, strictFileInteractability: false, timeouts: {implicit: 0, pageLoad: 300000, script: 30000}, unhandledPromptBehavior: dismiss and notify, webauthn:extension:credBlob: true, webauthn:extension:largeBlob: true, webauthn:extension:minPinLength: true, webauthn:extension:prf: true, webauthn:virtualAuthenticators: true}
Session ID: 63ce7032a5acc5d150fc2b369ec9e7df
ERROR WRITING RESULT TO EXCEL: C:\Users\Akashkumar\Desktop\NotificationData.xlsx (The process cannot access the file because it is being used by another process)

----------------------------------------------
RETRY ATTEMPT : 2
Provider : 3SINGV2 [THREESING]
Currency : MYR
Original Error : Unexpected toast: Date before cannot more than one day of today
----------------------------------------------
Failed to open fresh Add Notification:
invalid session id
Build info: version: '4.34.0', revision: '707dcb4246*'
System info: os.name: 'Windows 11', os.arch: 'amd64', os.version: '10.0', java.version: '21.0.9'
Driver info: org.openqa.selenium.chrome.ChromeDriver
Command: [63ce7032a5acc5d150fc2b369ec9e7df, findElement {using=id, value=addMaintenance}]
Capabilities {acceptInsecureCerts: false, browserName: chrome, browserVersion: 152.0.7977.76, chrome: {chromedriverVersion: 152.0.7977.82 (d04cdb24d67b..., userDataDir: C:\Users\AKASHK~1\AppData\L...}, fedcm:accounts: true, goog:chromeOptions: {debuggerAddress: localhost:64152}, goog:processID: 23988, networkConnectionEnabled: false, pageLoadStrategy: normal, platformName: windows, proxy: Proxy(), se:cdp: ws://localhost:64152/devtoo..., se:cdpVersion: 152.0.7977.76, setWindowRect: true, strictFileInteractability: false, timeouts: {implicit: 0, pageLoad: 300000, script: 30000}, unhandledPromptBehavior: dismiss and notify, webauthn:extension:credBlob: true, webauthn:extension:largeBlob: true, webauthn:extension:minPinLength: true, webauthn:extension:prf: true, webauthn:virtualAuthenticators: true}
Session ID: 63ce7032a5acc5d150fc2b369ec9e7df
ERROR WRITING RESULT TO EXCEL: C:\Users\Akashkumar\Desktop\NotificationData.xlsx (The process cannot access the file because it is being used by another process)

----------------------------------------------
RETRY ATTEMPT : 2
Provider : 3SINGV2 [THREESING]
Currency : NPR
Original Error : Unexpected toast: Date before cannot more than one day of today
----------------------------------------------
Failed to open fresh Add Notification:
invalid session id
Build info: version: '4.34.0', revision: '707dcb4246*'
System info: os.name: 'Windows 11', os.arch: 'amd64', os.version: '10.0', java.version: '21.0.9'
Driver info: org.openqa.selenium.chrome.ChromeDriver
Command: [63ce7032a5acc5d150fc2b369ec9e7df, findElement {using=id, value=addMaintenance}]
Capabilities {acceptInsecureCerts: false, browserName: chrome, browserVersion: 152.0.7977.76, chrome: {chromedriverVersion: 152.0.7977.82 (d04cdb24d67b..., userDataDir: C:\Users\AKASHK~1\AppData\L...}, fedcm:accounts: true, goog:chromeOptions: {debuggerAddress: localhost:64152}, goog:processID: 23988, networkConnectionEnabled: false, pageLoadStrategy: normal, platformName: windows, proxy: Proxy(), se:cdp: ws://localhost:64152/devtoo..., se:cdpVersion: 152.0.7977.76, setWindowRect: true, strictFileInteractability: false, timeouts: {implicit: 0, pageLoad: 300000, script: 30000}, unhandledPromptBehavior: dismiss and notify, webauthn:extension:credBlob: true, webauthn:extension:largeBlob: true, webauthn:extension:minPinLength: true, webauthn:extension:prf: true, webauthn:virtualAuthenticators: true}
Session ID: 63ce7032a5acc5d150fc2b369ec9e7df
ERROR WRITING RESULT TO EXCEL: C:\Users\Akashkumar\Desktop\NotificationData.xlsx (The process cannot access the file because it is being used by another process)

----------------------------------------------
RETRY ATTEMPT : 2
Provider : 3SINGV2 [THREESING]
Currency : PHP
Original Error : Unexpected toast: Date before cannot more than one day of today
----------------------------------------------
Failed to open fresh Add Notification:
invalid session id
Build info: version: '4.34.0', revision: '707dcb4246*'
System info: os.name: 'Windows 11', os.arch: 'amd64', os.version: '10.0', java.version: '21.0.9'
Driver info: org.openqa.selenium.chrome.ChromeDriver
Command: [63ce7032a5acc5d150fc2b369ec9e7df, findElement {using=id, value=addMaintenance}]
Capabilities {acceptInsecureCerts: false, browserName: chrome, browserVersion: 152.0.7977.76, chrome: {chromedriverVersion: 152.0.7977.82 (d04cdb24d67b..., userDataDir: C:\Users\AKASHK~1\AppData\L...}, fedcm:accounts: true, goog:chromeOptions: {debuggerAddress: localhost:64152}, goog:processID: 23988, networkConnectionEnabled: false, pageLoadStrategy: normal, platformName: windows, proxy: Proxy(), se:cdp: ws://localhost:64152/devtoo..., se:cdpVersion: 152.0.7977.76, setWindowRect: true, strictFileInteractability: false, timeouts: {implicit: 0, pageLoad: 300000, script: 30000}, unhandledPromptBehavior: dismiss and notify, webauthn:extension:credBlob: true, webauthn:extension:largeBlob: true, webauthn:extension:minPinLength: true, webauthn:extension:prf: true, webauthn:virtualAuthenticators: true}
Session ID: 63ce7032a5acc5d150fc2b369ec9e7df
ERROR WRITING RESULT TO EXCEL: C:\Users\Akashkumar\Desktop\NotificationData.xlsx (The process cannot access the file because it is being used by another process)

----------------------------------------------
RETRY ATTEMPT : 2
Provider : 3SINGV2 [THREESING]
Currency : MMK
Original Error : Unexpected toast: Date before cannot more than one day of today
----------------------------------------------
Failed to open fresh Add Notification:
invalid session id
Build info: version: '4.34.0', revision: '707dcb4246*'
System info: os.name: 'Windows 11', os.arch: 'amd64', os.version: '10.0', java.version: '21.0.9'
Driver info: org.openqa.selenium.chrome.ChromeDriver
Command: [63ce7032a5acc5d150fc2b369ec9e7df, findElement {using=id, value=addMaintenance}]
Capabilities {acceptInsecureCerts: false, browserName: chrome, browserVersion: 152.0.7977.76, chrome: {chromedriverVersion: 152.0.7977.82 (d04cdb24d67b..., userDataDir: C:\Users\AKASHK~1\AppData\L...}, fedcm:accounts: true, goog:chromeOptions: {debuggerAddress: localhost:64152}, goog:processID: 23988, networkConnectionEnabled: false, pageLoadStrategy: normal, platformName: windows, proxy: Proxy(), se:cdp: ws://localhost:64152/devtoo..., se:cdpVersion: 152.0.7977.76, setWindowRect: true, strictFileInteractability: false, timeouts: {implicit: 0, pageLoad: 300000, script: 30000}, unhandledPromptBehavior: dismiss and notify, webauthn:extension:credBlob: true, webauthn:extension:largeBlob: true, webauthn:extension:minPinLength: true, webauthn:extension:prf: true, webauthn:virtualAuthenticators: true}
Session ID: 63ce7032a5acc5d150fc2b369ec9e7df
ERROR WRITING RESULT TO EXCEL: C:\Users\Akashkumar\Desktop\NotificationData.xlsx (The process cannot access the file because it is being used by another process)

----------------------------------------------
RETRY ATTEMPT : 2
Provider : 3SINGV2 [THREESING]
Currency : IDR
Original Error : Unexpected toast: Date before cannot more than one day of today
----------------------------------------------
Failed to open fresh Add Notification:
invalid session id
Build info: version: '4.34.0', revision: '707dcb4246*'
System info: os.name: 'Windows 11', os.arch: 'amd64', os.version: '10.0', java.version: '21.0.9'
Driver info: org.openqa.selenium.chrome.ChromeDriver
Command: [63ce7032a5acc5d150fc2b369ec9e7df, findElement {using=id, value=addMaintenance}]
Capabilities {acceptInsecureCerts: false, browserName: chrome, browserVersion: 152.0.7977.76, chrome: {chromedriverVersion: 152.0.7977.82 (d04cdb24d67b..., userDataDir: C:\Users\AKASHK~1\AppData\L...}, fedcm:accounts: true, goog:chromeOptions: {debuggerAddress: localhost:64152}, goog:processID: 23988, networkConnectionEnabled: false, pageLoadStrategy: normal, platformName: windows, proxy: Proxy(), se:cdp: ws://localhost:64152/devtoo..., se:cdpVersion: 152.0.7977.76, setWindowRect: true, strictFileInteractability: false, timeouts: {implicit: 0, pageLoad: 300000, script: 30000}, unhandledPromptBehavior: dismiss and notify, webauthn:extension:credBlob: true, webauthn:extension:largeBlob: true, webauthn:extension:minPinLength: true, webauthn:extension:prf: true, webauthn:virtualAuthenticators: true}
Session ID: 63ce7032a5acc5d150fc2b369ec9e7df
ERROR WRITING RESULT TO EXCEL: C:\Users\Akashkumar\Desktop\NotificationData.xlsx (The process cannot access the file because it is being used by another process)

----------------------------------------------
RETRY ATTEMPT : 2
Provider : 3SINGV2 [THREESING]
Currency : USD
Original Error : Unexpected toast: Date before cannot more than one day of today
----------------------------------------------
Failed to open fresh Add Notification:
invalid session id
Build info: version: '4.34.0', revision: '707dcb4246*'
System info: os.name: 'Windows 11', os.arch: 'amd64', os.version: '10.0', java.version: '21.0.9'
Driver info: org.openqa.selenium.chrome.ChromeDriver
Command: [63ce7032a5acc5d150fc2b369ec9e7df, findElement {using=id, value=addMaintenance}]
Capabilities {acceptInsecureCerts: false, browserName: chrome, browserVersion: 152.0.7977.76, chrome: {chromedriverVersion: 152.0.7977.82 (d04cdb24d67b..., userDataDir: C:\Users\AKASHK~1\AppData\L...}, fedcm:accounts: true, goog:chromeOptions: {debuggerAddress: localhost:64152}, goog:processID: 23988, networkConnectionEnabled: false, pageLoadStrategy: normal, platformName: windows, proxy: Proxy(), se:cdp: ws://localhost:64152/devtoo..., se:cdpVersion: 152.0.7977.76, setWindowRect: true, strictFileInteractability: false, timeouts: {implicit: 0, pageLoad: 300000, script: 30000}, unhandledPromptBehavior: dismiss and notify, webauthn:extension:credBlob: true, webauthn:extension:largeBlob: true, webauthn:extension:minPinLength: true, webauthn:extension:prf: true, webauthn:virtualAuthenticators: true}
Session ID: 63ce7032a5acc5d150fc2b369ec9e7df
ERROR WRITING RESULT TO EXCEL: C:\Users\Akashkumar\Desktop\NotificationData.xlsx (The process cannot access the file because it is being used by another process)

----------------------------------------------
RETRY ATTEMPT : 2
Provider : 3SINGV2 [THREESING]
Currency : VND
Original Error : Unexpected toast: Date before cannot more than one day of today
----------------------------------------------
Failed to open fresh Add Notification:
invalid session id
Build info: version: '4.34.0', revision: '707dcb4246*'
System info: os.name: 'Windows 11', os.arch: 'amd64', os.version: '10.0', java.version: '21.0.9'
Driver info: org.openqa.selenium.chrome.ChromeDriver
Command: [63ce7032a5acc5d150fc2b369ec9e7df, findElement {using=id, value=addMaintenance}]
Capabilities {acceptInsecureCerts: false, browserName: chrome, browserVersion: 152.0.7977.76, chrome: {chromedriverVersion: 152.0.7977.82 (d04cdb24d67b..., userDataDir: C:\Users\AKASHK~1\AppData\L...}, fedcm:accounts: true, goog:chromeOptions: {debuggerAddress: localhost:64152}, goog:processID: 23988, networkConnectionEnabled: false, pageLoadStrategy: normal, platformName: windows, proxy: Proxy(), se:cdp: ws://localhost:64152/devtoo..., se:cdpVersion: 152.0.7977.76, setWindowRect: true, strictFileInteractability: false, timeouts: {implicit: 0, pageLoad: 300000, script: 30000}, unhandledPromptBehavior: dismiss and notify, webauthn:extension:credBlob: true, webauthn:extension:largeBlob: true, webauthn:extension:minPinLength: true, webauthn:extension:prf: true, webauthn:virtualAuthenticators: true}
Session ID: 63ce7032a5acc5d150fc2b369ec9e7df
ERROR WRITING RESULT TO EXCEL: C:\Users\Akashkumar\Desktop\NotificationData.xlsx (The process cannot access the file because it is being used by another process)

##############################################
PROVIDER COMPLETED
Provider : 3SINGV2 [THREESING]
##############################################
Blank provider row found.
Skipping Excel row.
Blank provider row found.
Skipping Excel row.
Blank provider row found.
Skipping Excel row.
Blank provider row found.
Skipping Excel row.
Blank provider row found.
Skipping Excel row.
Blank provider row found.
Skipping Excel row.
Blank provider row found.
Skipping Excel row.
Blank provider row found.
Skipping Excel row.
Blank provider row found.
Skipping Excel row.
Blank provider row found.
Skipping Excel row.
Blank provider row found.
Skipping Excel row.

==============================================
ALL EXCEL PROVIDERS COMPLETED
==============================================
[WARNING] thread Thread[#50,CompletableFutureDelayScheduler,5,com.framework.practice] was interrupted but is still alive after waiting at least 15000msecs
[WARNING] thread Thread[#50,CompletableFutureDelayScheduler,5,com.framework.practice] will linger despite being asked to die via interruption
[WARNING] thread Thread[#63,UrlChecker-3,5,com.framework.practice] will linger despite being asked to die via interruption
[WARNING] NOTE: 2 thread(s) did not finish despite being asked to via interruption. This is not a problem with exec:java, it is a problem with the running code. Although not serious, it should be remedied.
[INFO] ------------------------------------------------------------------------
[INFO] BUILD SUCCESS
[INFO] ------------------------------------------------------------------------
[INFO] Total time:  04:59 min
[INFO] Finished at: 2026-09-09T09:35:26+05:30
[INFO] ------------------------------------------------------------------------
 
Automation Exit Code: 0 
Automation Finished: Wed 09/09/2026  9:35:26.52 
========================================== 
========================================== 
Automation Started: Wed 09/09/2026 17:04:36.46 
Project Directory: C:\Users\Akashkumar\Desktop\vs code\.vscode\selenium\maintenance 
========================================== 
 
[1] Java Version 
java version "21.0.9" 2025-10-21 LTS
Java(TM) SE Runtime Environment (build 21.0.9+7-LTS-338)
Java HotSpot(TM) 64-Bit Server VM (build 21.0.9+7-LTS-338, mixed mode, sharing)
 
[2] Maven Version 
Apache Maven 3.9.12 (848fbb4bf2d427b72bdb2471c22fced7ebd9a7a1)
Maven home: C:\Tools\apache-maven\apache-maven-3.9.12
Java version: 21.0.9, vendor: Oracle Corporation, runtime: C:\Program Files\Java\jdk-21
Default locale: en_US, platform encoding: UTF-8
OS name: "windows 11", version: "10.0", arch: "amd64", family: "windows"
 
[3] Maven Clean Compile 
[INFO] Scanning for projects...
[INFO] 
[INFO] ------------------------< com.example:selenium >------------------------
[INFO] Building selenium 1.0-SNAPSHOT
[INFO]   from pom.xml
[INFO] --------------------------------[ jar ]---------------------------------
[INFO] 
[INFO] --- clean:3.2.0:clean (default-clean) @ selenium ---
[INFO] Deleting C:\Users\Akashkumar\Desktop\vs code\.vscode\selenium\maintenance\target
[INFO] 
[INFO] --- resources:3.3.1:resources (default-resources) @ selenium ---
[INFO] skip non existing resourceDirectory C:\Users\Akashkumar\Desktop\vs code\.vscode\selenium\maintenance\src\main\resources
[INFO] 
[INFO] --- compiler:3.13.0:compile (default-compile) @ selenium ---
[INFO] Recompiling the module because of changed source code.
[INFO] Compiling 7 source files with javac [debug target 21] to target\classes
[INFO] ------------------------------------------------------------------------
[INFO] BUILD SUCCESS
[INFO] ------------------------------------------------------------------------
[INFO] Total time:  4.945 s
[INFO] Finished at: 2026-09-09T17:04:46+05:30
[INFO] ------------------------------------------------------------------------
Compile Exit Code: 0 
 
[4] Starting Selenium Automation 
[INFO] Scanning for projects...
[INFO] 
[INFO] ------------------------< com.example:selenium >------------------------
[INFO] Building selenium 1.0-SNAPSHOT
[INFO]   from pom.xml
[INFO] --------------------------------[ jar ]---------------------------------
[INFO] 
[INFO] --- exec:3.5.0:java (default-cli) @ selenium ---
ERROR StatusLogger Log4j2 could not find a logging implementation. Please add log4j-core to the classpath. Using SimpleLogger to log to the console...
Total Rows : 12
Sep 09, 2026 5:04:56 PM org.openqa.selenium.devtools.CdpVersionFinder findNearestMatch
WARNING: Unable to find CDP implementation matching 152
Sep 09, 2026 5:04:56 PM org.openqa.selenium.chromium.ChromiumDriver lambda$new$4
WARNING: Unable to find version of CDP to use for 152.0.7977.76. You may need to include a dependency on a specific version of the CDP using something similar to `org.seleniumhq.selenium:selenium-devtools-v86:4.34.0` where the version ("v86") matches the version of the chromium-based browser you're using and the version number of the artifact is the same as Selenium's.
Login successful.
System Notification opened.

##############################################
STARTING PROVIDER
Provider : 3SINGV2 [THREESING]
Start    : 2026-09-10 13:00:00
End      : 2026-09-10 16:00:00
Remark   : Provider is on maintenance
##############################################
Fresh Add Notification modal opened.
Currencies available: [THB, BDT, INR, PKR, SGD, AUD, HKD, MYR, NPR, PHP, MMK, IDR, USD, VND, LAK, TWD, PGK, LKR]

==============================================
Provider : 3SINGV2 [THREESING]
Currency : THB
Attempt  : 1
==============================================
Currency selected: THB
Currency validation PASS
Waiting for merchants to load for THB
Merchant options found: 34
Merchants selected: 34 / 34
All merchants selected successfully for THB
Provider selected successfully: 3SINGV2 [THREESING]
Start date validation PASS
End date validation PASS
Remark validation PASS

======================================
VALIDATING BEFORE SAVE
Provider : 3SINGV2 [THREESING]
Currency : THB
Start    : 2026-09-10 13:00:00
End      : 2026-09-10 16:00:00
Remark   : Provider is on maintenance
======================================

========== VALIDATION START ==========
Provider Validation | Expected: 3SINGV2 [THREESING] | Actual: 3SINGV2 [THREESING] | Result: PASS
Start Date Validation | Expected: 2026-09-10 13:00:00 | Actual: 2026-09-10 13:00:00 | Result: PASS
End Date Validation | Expected: 2026-09-10 16:00:00 | Actual: 2026-09-10 16:00:00 | Result: PASS
Remark Validation | Expected: Provider is on maintenance | Actual: Provider is on maintenance | Result: PASS
--------------------------------------
ALL VALIDATIONS PASSED
========== VALIDATION END ============

ALL VALIDATIONS PASSED
Waiting for AJAX processing...
AJAX processing completed.
Save button found.
Save button clicked.

======================================
SUBMIT SUCCESSFUL
Provider : 3SINGV2 [THREESING]
Currency : THB
======================================
RESULT WRITTEN: 3SINGV2 [THREESING] | THB | PASS
Modal Cancel clicked.
Fresh Add Notification modal opened.

==============================================
Provider : 3SINGV2 [THREESING]
Currency : BDT
Attempt  : 1
==============================================
Currency selected: BDT
Currency validation PASS
Waiting for merchants to load for BDT
Merchant options found: 11
Merchants selected: 11 / 11
All merchants selected successfully for BDT
Provider selected successfully: 3SINGV2 [THREESING]
Start date validation PASS
End date validation PASS
Remark validation PASS

======================================
VALIDATING BEFORE SAVE
Provider : 3SINGV2 [THREESING]
Currency : BDT
Start    : 2026-09-10 13:00:00
End      : 2026-09-10 16:00:00
Remark   : Provider is on maintenance
======================================

========== VALIDATION START ==========
Provider Validation | Expected: 3SINGV2 [THREESING] | Actual: 3SINGV2 [THREESING] | Result: PASS
Start Date Validation | Expected: 2026-09-10 13:00:00 | Actual: 2026-09-10 13:00:00 | Result: PASS
End Date Validation | Expected: 2026-09-10 16:00:00 | Actual: 2026-09-10 16:00:00 | Result: PASS
Remark Validation | Expected: Provider is on maintenance | Actual: Provider is on maintenance | Result: PASS
--------------------------------------
ALL VALIDATIONS PASSED
========== VALIDATION END ============

ALL VALIDATIONS PASSED
Waiting for AJAX processing...
AJAX processing completed.
Save button found.
Save button clicked.

======================================
SUBMIT SUCCESSFUL
Provider : 3SINGV2 [THREESING]
Currency : BDT
======================================
RESULT WRITTEN: 3SINGV2 [THREESING] | BDT | PASS
Modal Cancel clicked.
Fresh Add Notification modal opened.

==============================================
Provider : 3SINGV2 [THREESING]
Currency : INR
Attempt  : 1
==============================================
Currency selected: INR
Currency validation PASS
Waiting for merchants to load for INR
Merchant options found: 5
Merchants selected: 5 / 5
All merchants selected successfully for INR
Provider selected successfully: 3SINGV2 [THREESING]
Start date validation PASS
End date validation PASS
Remark validation PASS

======================================
VALIDATING BEFORE SAVE
Provider : 3SINGV2 [THREESING]
Currency : INR
Start    : 2026-09-10 13:00:00
End      : 2026-09-10 16:00:00
Remark   : Provider is on maintenance
======================================

========== VALIDATION START ==========
Provider Validation | Expected: 3SINGV2 [THREESING] | Actual: 3SINGV2 [THREESING] | Result: PASS
Start Date Validation | Expected: 2026-09-10 13:00:00 | Actual: 2026-09-10 13:00:00 | Result: PASS
End Date Validation | Expected: 2026-09-10 16:00:00 | Actual: 2026-09-10 16:00:00 | Result: PASS
Remark Validation | Expected: Provider is on maintenance | Actual: Provider is on maintenance | Result: PASS
--------------------------------------
ALL VALIDATIONS PASSED
========== VALIDATION END ============

ALL VALIDATIONS PASSED
Waiting for AJAX processing...
AJAX processing completed.
Save button found.
Save button clicked.

======================================
SUBMIT SUCCESSFUL
Provider : 3SINGV2 [THREESING]
Currency : INR
======================================
RESULT WRITTEN: 3SINGV2 [THREESING] | INR | PASS
Modal Cancel clicked.
Fresh Add Notification modal opened.

==============================================
Provider : 3SINGV2 [THREESING]
Currency : PKR
Attempt  : 1
==============================================
Currency selected: PKR
Currency validation PASS
Waiting for merchants to load for PKR
Merchant options found: 4
Merchants selected: 4 / 4
All merchants selected successfully for PKR
Provider selected successfully: 3SINGV2 [THREESING]
Start date validation PASS
End date validation PASS
Remark validation PASS

======================================
VALIDATING BEFORE SAVE
Provider : 3SINGV2 [THREESING]
Currency : PKR
Start    : 2026-09-10 13:00:00
End      : 2026-09-10 16:00:00
Remark   : Provider is on maintenance
======================================

========== VALIDATION START ==========
Provider Validation | Expected: 3SINGV2 [THREESING] | Actual: 3SINGV2 [THREESING] | Result: PASS
Start Date Validation | Expected: 2026-09-10 13:00:00 | Actual: 2026-09-10 13:00:00 | Result: PASS
End Date Validation | Expected: 2026-09-10 16:00:00 | Actual: 2026-09-10 16:00:00 | Result: PASS
Remark Validation | Expected: Provider is on maintenance | Actual: Provider is on maintenance | Result: PASS
--------------------------------------
ALL VALIDATIONS PASSED
========== VALIDATION END ============

ALL VALIDATIONS PASSED
Waiting for AJAX processing...
AJAX processing completed.
Save button found.
Save button clicked.

======================================
SUBMIT SUCCESSFUL
Provider : 3SINGV2 [THREESING]
Currency : PKR
======================================
RESULT WRITTEN: 3SINGV2 [THREESING] | PKR | PASS
No visible Cancel button found.
Fresh Add Notification modal opened.

==============================================
Provider : 3SINGV2 [THREESING]
Currency : SGD
Attempt  : 1
==============================================
Currency selected: SGD
Currency validation PASS
Waiting for merchants to load for SGD
Merchant options found: 9
Merchants selected: 9 / 9
All merchants selected successfully for SGD
Provider selected successfully: 3SINGV2 [THREESING]
Start date validation PASS
End date validation PASS
Remark validation PASS

======================================
VALIDATING BEFORE SAVE
Provider : 3SINGV2 [THREESING]
Currency : SGD
Start    : 2026-09-10 13:00:00
End      : 2026-09-10 16:00:00
Remark   : Provider is on maintenance
======================================

========== VALIDATION START ==========
Provider Validation | Expected: 3SINGV2 [THREESING] | Actual: 3SINGV2 [THREESING] | Result: PASS
Start Date Validation | Expected: 2026-09-10 13:00:00 | Actual: 2026-09-10 13:00:00 | Result: PASS
End Date Validation | Expected: 2026-09-10 16:00:00 | Actual: 2026-09-10 16:00:00 | Result: PASS
Remark Validation | Expected: Provider is on maintenance | Actual: Provider is on maintenance | Result: PASS
--------------------------------------
ALL VALIDATIONS PASSED
========== VALIDATION END ============

ALL VALIDATIONS PASSED
Waiting for AJAX processing...
AJAX processing completed.
Save button found.
Save button clicked.

======================================
SUBMIT SUCCESSFUL
Provider : 3SINGV2 [THREESING]
Currency : SGD
======================================
RESULT WRITTEN: 3SINGV2 [THREESING] | SGD | PASS
Modal Cancel clicked.
Fresh Add Notification modal opened.

==============================================
Provider : 3SINGV2 [THREESING]
Currency : AUD
Attempt  : 1
==============================================
Currency selected: AUD
Currency validation PASS
Waiting for merchants to load for AUD
Merchant options found: 25
Merchants selected: 25 / 25
All merchants selected successfully for AUD
Provider selected successfully: 3SINGV2 [THREESING]
Start date validation PASS
End date validation PASS
Remark validation PASS

======================================
VALIDATING BEFORE SAVE
Provider : 3SINGV2 [THREESING]
Currency : AUD
Start    : 2026-09-10 13:00:00
End      : 2026-09-10 16:00:00
Remark   : Provider is on maintenance
======================================

========== VALIDATION START ==========
Provider Validation | Expected: 3SINGV2 [THREESING] | Actual: 3SINGV2 [THREESING] | Result: PASS
Start Date Validation | Expected: 2026-09-10 13:00:00 | Actual: 2026-09-10 13:00:00 | Result: PASS
End Date Validation | Expected: 2026-09-10 16:00:00 | Actual: 2026-09-10 16:00:00 | Result: PASS
Remark Validation | Expected: Provider is on maintenance | Actual: Provider is on maintenance | Result: PASS
--------------------------------------
ALL VALIDATIONS PASSED
========== VALIDATION END ============

ALL VALIDATIONS PASSED
Waiting for AJAX processing...
AJAX processing completed.
Save button found.
Save button clicked.

======================================
SUBMIT SUCCESSFUL
Provider : 3SINGV2 [THREESING]
Currency : AUD
======================================
RESULT WRITTEN: 3SINGV2 [THREESING] | AUD | PASS
Modal Cancel clicked.
Fresh Add Notification modal opened.

==============================================
Provider : 3SINGV2 [THREESING]
Currency : HKD
Attempt  : 1
==============================================
Currency selected: HKD
Currency validation PASS
Waiting for merchants to load for HKD
Merchant options found: 3
Merchants selected: 3 / 3
All merchants selected successfully for HKD
Provider selected successfully: 3SINGV2 [THREESING]
Start date validation PASS
End date validation PASS
Remark validation PASS

======================================
VALIDATING BEFORE SAVE
Provider : 3SINGV2 [THREESING]
Currency : HKD
Start    : 2026-09-10 13:00:00
End      : 2026-09-10 16:00:00
Remark   : Provider is on maintenance
======================================

========== VALIDATION START ==========
Provider Validation | Expected: 3SINGV2 [THREESING] | Actual: 3SINGV2 [THREESING] | Result: PASS
Start Date Validation | Expected: 2026-09-10 13:00:00 | Actual: 2026-09-10 13:00:00 | Result: PASS
End Date Validation | Expected: 2026-09-10 16:00:00 | Actual: 2026-09-10 16:00:00 | Result: PASS
Remark Validation | Expected: Provider is on maintenance | Actual: Provider is on maintenance | Result: PASS
--------------------------------------
ALL VALIDATIONS PASSED
========== VALIDATION END ============

ALL VALIDATIONS PASSED
Waiting for AJAX processing...
AJAX processing completed.
Save button found.
Save button clicked.

======================================
SUBMIT SUCCESSFUL
Provider : 3SINGV2 [THREESING]
Currency : HKD
======================================
RESULT WRITTEN: 3SINGV2 [THREESING] | HKD | PASS
Modal Cancel clicked.
Fresh Add Notification modal opened.

==============================================
Provider : 3SINGV2 [THREESING]
Currency : MYR
Attempt  : 1
==============================================
Currency selected: MYR
Currency validation PASS
Waiting for merchants to load for MYR
Merchant options found: 22
Merchants selected: 22 / 22
All merchants selected successfully for MYR
Provider selected successfully: 3SINGV2 [THREESING]
Start date validation PASS
End date validation PASS
Remark validation PASS

======================================
VALIDATING BEFORE SAVE
Provider : 3SINGV2 [THREESING]
Currency : MYR
Start    : 2026-09-10 13:00:00
End      : 2026-09-10 16:00:00
Remark   : Provider is on maintenance
======================================

========== VALIDATION START ==========
Provider Validation | Expected: 3SINGV2 [THREESING] | Actual: 3SINGV2 [THREESING] | Result: PASS
Start Date Validation | Expected: 2026-09-10 13:00:00 | Actual: 2026-09-10 13:00:00 | Result: PASS
End Date Validation | Expected: 2026-09-10 16:00:00 | Actual: 2026-09-10 16:00:00 | Result: PASS
Remark Validation | Expected: Provider is on maintenance | Actual: Provider is on maintenance | Result: PASS
--------------------------------------
ALL VALIDATIONS PASSED
========== VALIDATION END ============

ALL VALIDATIONS PASSED
Waiting for AJAX processing...
AJAX processing completed.
Save button found.
Save button clicked.

======================================
SUBMIT SUCCESSFUL
Provider : 3SINGV2 [THREESING]
Currency : MYR
======================================
RESULT WRITTEN: 3SINGV2 [THREESING] | MYR | PASS
Modal Cancel clicked.
Fresh Add Notification modal opened.

==============================================
Provider : 3SINGV2 [THREESING]
Currency : NPR
Attempt  : 1
==============================================
Currency selected: NPR
Currency validation PASS
Waiting for merchants to load for NPR
Merchant options found: 32
Merchants selected: 32 / 32
All merchants selected successfully for NPR
Provider selected successfully: 3SINGV2 [THREESING]
Start date validation PASS
End date validation PASS
Remark validation PASS

======================================
VALIDATING BEFORE SAVE
Provider : 3SINGV2 [THREESING]
Currency : NPR
Start    : 2026-09-10 13:00:00
End      : 2026-09-10 16:00:00
Remark   : Provider is on maintenance
======================================

========== VALIDATION START ==========
Provider Validation | Expected: 3SINGV2 [THREESING] | Actual: 3SINGV2 [THREESING] | Result: PASS
Start Date Validation | Expected: 2026-09-10 13:00:00 | Actual: 2026-09-10 13:00:00 | Result: PASS
End Date Validation | Expected: 2026-09-10 16:00:00 | Actual: 2026-09-10 16:00:00 | Result: PASS
Remark Validation | Expected: Provider is on maintenance | Actual: Provider is on maintenance | Result: PASS
--------------------------------------
ALL VALIDATIONS PASSED
========== VALIDATION END ============

ALL VALIDATIONS PASSED
Waiting for AJAX processing...
AJAX processing completed.
Save button found.
Save button clicked.

======================================
SUBMIT SUCCESSFUL
Provider : 3SINGV2 [THREESING]
Currency : NPR
======================================
RESULT WRITTEN: 3SINGV2 [THREESING] | NPR | PASS
Modal Cancel clicked.
Fresh Add Notification modal opened.

==============================================
Provider : 3SINGV2 [THREESING]
Currency : PHP
Attempt  : 1
==============================================
Currency selected: PHP
Currency validation PASS
Waiting for merchants to load for PHP
Merchant options found: 13
Merchants selected: 13 / 13
All merchants selected successfully for PHP
Provider selected successfully: 3SINGV2 [THREESING]
Start date validation PASS
End date validation PASS
Remark validation PASS

======================================
VALIDATING BEFORE SAVE
Provider : 3SINGV2 [THREESING]
Currency : PHP
Start    : 2026-09-10 13:00:00
End      : 2026-09-10 16:00:00
Remark   : Provider is on maintenance
======================================

========== VALIDATION START ==========
Provider Validation | Expected: 3SINGV2 [THREESING] | Actual: 3SINGV2 [THREESING] | Result: PASS
Start Date Validation | Expected: 2026-09-10 13:00:00 | Actual: 2026-09-10 13:00:00 | Result: PASS
End Date Validation | Expected: 2026-09-10 16:00:00 | Actual: 2026-09-10 16:00:00 | Result: PASS
Remark Validation | Expected: Provider is on maintenance | Actual: Provider is on maintenance | Result: PASS
--------------------------------------
ALL VALIDATIONS PASSED
========== VALIDATION END ============

ALL VALIDATIONS PASSED
Waiting for AJAX processing...
AJAX processing completed.
Save button found.
Save button clicked.

======================================
SUBMIT SUCCESSFUL
Provider : 3SINGV2 [THREESING]
Currency : PHP
======================================
RESULT WRITTEN: 3SINGV2 [THREESING] | PHP | PASS
Modal Cancel clicked.
Fresh Add Notification modal opened.

==============================================
Provider : 3SINGV2 [THREESING]
Currency : MMK
Attempt  : 1
==============================================
Currency selected: MMK
Currency validation PASS
Waiting for merchants to load for MMK
Merchant options found: 2
Merchants selected: 2 / 2
All merchants selected successfully for MMK
Provider selected successfully: 3SINGV2 [THREESING]
Start date validation PASS
End date validation PASS
Remark validation PASS

======================================
VALIDATING BEFORE SAVE
Provider : 3SINGV2 [THREESING]
Currency : MMK
Start    : 2026-09-10 13:00:00
End      : 2026-09-10 16:00:00
Remark   : Provider is on maintenance
======================================

========== VALIDATION START ==========
Provider Validation | Expected: 3SINGV2 [THREESING] | Actual: 3SINGV2 [THREESING] | Result: PASS
Start Date Validation | Expected: 2026-09-10 13:00:00 | Actual: 2026-09-10 13:00:00 | Result: PASS
End Date Validation | Expected: 2026-09-10 16:00:00 | Actual: 2026-09-10 16:00:00 | Result: PASS
Remark Validation | Expected: Provider is on maintenance | Actual: Provider is on maintenance | Result: PASS
--------------------------------------
ALL VALIDATIONS PASSED
========== VALIDATION END ============

ALL VALIDATIONS PASSED
Waiting for AJAX processing...
AJAX processing completed.
Save button found.
Save button clicked.

======================================
SUBMIT SUCCESSFUL
Provider : 3SINGV2 [THREESING]
Currency : MMK
======================================
RESULT WRITTEN: 3SINGV2 [THREESING] | MMK | PASS
Modal Cancel clicked.
Fresh Add Notification modal opened.

==============================================
Provider : 3SINGV2 [THREESING]
Currency : IDR
Attempt  : 1
==============================================
Currency selected: IDR
Currency validation PASS
Waiting for merchants to load for IDR
Merchant options found: 4
Merchants selected: 4 / 4
All merchants selected successfully for IDR
Provider selected successfully: 3SINGV2 [THREESING]
Start date validation PASS
End date validation PASS
Remark validation PASS

======================================
VALIDATING BEFORE SAVE
Provider : 3SINGV2 [THREESING]
Currency : IDR
Start    : 2026-09-10 13:00:00
End      : 2026-09-10 16:00:00
Remark   : Provider is on maintenance
======================================

========== VALIDATION START ==========
Provider Validation | Expected: 3SINGV2 [THREESING] | Actual: 3SINGV2 [THREESING] | Result: PASS
Start Date Validation | Expected: 2026-09-10 13:00:00 | Actual: 2026-09-10 13:00:00 | Result: PASS
End Date Validation | Expected: 2026-09-10 16:00:00 | Actual: 2026-09-10 16:00:00 | Result: PASS
Remark Validation | Expected: Provider is on maintenance | Actual: Provider is on maintenance | Result: PASS
--------------------------------------
ALL VALIDATIONS PASSED
========== VALIDATION END ============

ALL VALIDATIONS PASSED
Waiting for AJAX processing...
AJAX processing completed.
Save button found.
Save button clicked.

======================================
SUBMIT SUCCESSFUL
Provider : 3SINGV2 [THREESING]
Currency : IDR
======================================
RESULT WRITTEN: 3SINGV2 [THREESING] | IDR | PASS
Modal Cancel clicked.
Fresh Add Notification modal opened.

==============================================
Provider : 3SINGV2 [THREESING]
Currency : USD
Attempt  : 1
==============================================
Currency selected: USD
Currency validation PASS
Waiting for merchants to load for USD
Merchant options found: 5
Merchants selected: 5 / 5
All merchants selected successfully for USD
Provider selected successfully: 3SINGV2 [THREESING]
Start date validation PASS
End date validation PASS
Remark validation PASS

======================================
VALIDATING BEFORE SAVE
Provider : 3SINGV2 [THREESING]
Currency : USD
Start    : 2026-09-10 13:00:00
End      : 2026-09-10 16:00:00
Remark   : Provider is on maintenance
======================================

========== VALIDATION START ==========
Provider Validation | Expected: 3SINGV2 [THREESING] | Actual: 3SINGV2 [THREESING] | Result: PASS
Start Date Validation | Expected: 2026-09-10 13:00:00 | Actual: 2026-09-10 13:00:00 | Result: PASS
End Date Validation | Expected: 2026-09-10 16:00:00 | Actual: 2026-09-10 16:00:00 | Result: PASS
Remark Validation | Expected: Provider is on maintenance | Actual: Provider is on maintenance | Result: PASS
--------------------------------------
ALL VALIDATIONS PASSED
========== VALIDATION END ============

ALL VALIDATIONS PASSED
Waiting for AJAX processing...
AJAX processing completed.
Save button found.
Save button clicked.

======================================
SUBMIT SUCCESSFUL
Provider : 3SINGV2 [THREESING]
Currency : USD
======================================
RESULT WRITTEN: 3SINGV2 [THREESING] | USD | PASS
Modal Cancel clicked.
Fresh Add Notification modal opened.

==============================================
Provider : 3SINGV2 [THREESING]
Currency : VND
Attempt  : 1
==============================================
Currency selected: VND
Currency validation PASS
Waiting for merchants to load for VND
Merchant options found: 3
Merchants selected: 3 / 3
All merchants selected successfully for VND
Provider selected successfully: 3SINGV2 [THREESING]
Start date validation PASS
End date validation PASS
Remark validation PASS

======================================
VALIDATING BEFORE SAVE
Provider : 3SINGV2 [THREESING]
Currency : VND
Start    : 2026-09-10 13:00:00
End      : 2026-09-10 16:00:00
Remark   : Provider is on maintenance
======================================

========== VALIDATION START ==========
Provider Validation | Expected: 3SINGV2 [THREESING] | Actual: 3SINGV2 [THREESING] | Result: PASS
Start Date Validation | Expected: 2026-09-10 13:00:00 | Actual: 2026-09-10 13:00:00 | Result: PASS
End Date Validation | Expected: 2026-09-10 16:00:00 | Actual: 2026-09-10 16:00:00 | Result: PASS
Remark Validation | Expected: Provider is on maintenance | Actual: Provider is on maintenance | Result: PASS
--------------------------------------
ALL VALIDATIONS PASSED
========== VALIDATION END ============

ALL VALIDATIONS PASSED
Waiting for AJAX processing...
AJAX processing completed.
Save button found.
Save button clicked.

======================================
SUBMIT SUCCESSFUL
Provider : 3SINGV2 [THREESING]
Currency : VND
======================================
RESULT WRITTEN: 3SINGV2 [THREESING] | VND | PASS
Modal Cancel clicked.
Fresh Add Notification modal opened.

==============================================
Provider : 3SINGV2 [THREESING]
Currency : LAK
Attempt  : 1
==============================================
Currency selected: LAK
Currency validation PASS
Waiting for merchants to load for LAK
Merchant options found: 2
Merchants selected: 2 / 2
All merchants selected successfully for LAK
Provider selected successfully: 3SINGV2 [THREESING]
Start date validation PASS
End date validation PASS
Remark validation PASS

======================================
VALIDATING BEFORE SAVE
Provider : 3SINGV2 [THREESING]
Currency : LAK
Start    : 2026-09-10 13:00:00
End      : 2026-09-10 16:00:00
Remark   : Provider is on maintenance
======================================

========== VALIDATION START ==========
Provider Validation | Expected: 3SINGV2 [THREESING] | Actual: 3SINGV2 [THREESING] | Result: PASS
Start Date Validation | Expected: 2026-09-10 13:00:00 | Actual: 2026-09-10 13:00:00 | Result: PASS
End Date Validation | Expected: 2026-09-10 16:00:00 | Actual: 2026-09-10 16:00:00 | Result: PASS
Remark Validation | Expected: Provider is on maintenance | Actual: Provider is on maintenance | Result: PASS
--------------------------------------
ALL VALIDATIONS PASSED
========== VALIDATION END ============

ALL VALIDATIONS PASSED
Waiting for AJAX processing...
AJAX processing completed.
Save button found.
Save button clicked.

======================================
SUBMIT SUCCESSFUL
Provider : 3SINGV2 [THREESING]
Currency : LAK
======================================
RESULT WRITTEN: 3SINGV2 [THREESING] | LAK | PASS
Modal Cancel clicked.
Fresh Add Notification modal opened.

==============================================
Provider : 3SINGV2 [THREESING]
Currency : TWD
Attempt  : 1
==============================================
Currency selected: TWD
Currency validation PASS
Waiting for merchants to load for TWD
Merchant options found: 2
Merchants selected: 2 / 2
All merchants selected successfully for TWD
Provider selected successfully: 3SINGV2 [THREESING]
Start date validation PASS
End date validation PASS
Remark validation PASS

======================================
VALIDATING BEFORE SAVE
Provider : 3SINGV2 [THREESING]
Currency : TWD
Start    : 2026-09-10 13:00:00
End      : 2026-09-10 16:00:00
Remark   : Provider is on maintenance
======================================

========== VALIDATION START ==========
Provider Validation | Expected: 3SINGV2 [THREESING] | Actual: 3SINGV2 [THREESING] | Result: PASS
Start Date Validation | Expected: 2026-09-10 13:00:00 | Actual: 2026-09-10 13:00:00 | Result: PASS
End Date Validation | Expected: 2026-09-10 16:00:00 | Actual: 2026-09-10 16:00:00 | Result: PASS
Remark Validation | Expected: Provider is on maintenance | Actual: Provider is on maintenance | Result: PASS
--------------------------------------
ALL VALIDATIONS PASSED
========== VALIDATION END ============

ALL VALIDATIONS PASSED
Waiting for AJAX processing...
AJAX processing completed.
Save button found.
Save button clicked.

======================================
SUBMIT SUCCESSFUL
Provider : 3SINGV2 [THREESING]
Currency : TWD
======================================
RESULT WRITTEN: 3SINGV2 [THREESING] | TWD | PASS
Modal Cancel clicked.
Fresh Add Notification modal opened.

==============================================
Provider : 3SINGV2 [THREESING]
Currency : PGK
Attempt  : 1
==============================================
Currency selected: PGK
Currency validation PASS
Waiting for merchants to load for PGK
Merchant options found: 3
Merchants selected: 3 / 3
All merchants selected successfully for PGK
Provider selected successfully: 3SINGV2 [THREESING]
Start date validation PASS
End date validation PASS
Remark validation PASS

======================================
VALIDATING BEFORE SAVE
Provider : 3SINGV2 [THREESING]
Currency : PGK
Start    : 2026-09-10 13:00:00
End      : 2026-09-10 16:00:00
Remark   : Provider is on maintenance
======================================

========== VALIDATION START ==========
Provider Validation | Expected: 3SINGV2 [THREESING] | Actual: 3SINGV2 [THREESING] | Result: PASS
Start Date Validation | Expected: 2026-09-10 13:00:00 | Actual: 2026-09-10 13:00:00 | Result: PASS
End Date Validation | Expected: 2026-09-10 16:00:00 | Actual: 2026-09-10 16:00:00 | Result: PASS
Remark Validation | Expected: Provider is on maintenance | Actual: Provider is on maintenance | Result: PASS
--------------------------------------
ALL VALIDATIONS PASSED
========== VALIDATION END ============

ALL VALIDATIONS PASSED
Waiting for AJAX processing...
AJAX processing completed.
Save button found.
Save button clicked.

======================================
SUBMIT SUCCESSFUL
Provider : 3SINGV2 [THREESING]
Currency : PGK
======================================
RESULT WRITTEN: 3SINGV2 [THREESING] | PGK | PASS
Modal Cancel clicked.
Fresh Add Notification modal opened.

==============================================
Provider : 3SINGV2 [THREESING]
Currency : LKR
Attempt  : 1
==============================================
Currency selected: LKR
Currency validation PASS
Waiting for merchants to load for LKR
Merchant options found: 1
Merchants selected: 1 / 1
All merchants selected successfully for LKR
Provider selected successfully: 3SINGV2 [THREESING]
Start date validation PASS
End date validation PASS
Remark validation PASS

======================================
VALIDATING BEFORE SAVE
Provider : 3SINGV2 [THREESING]
Currency : LKR
Start    : 2026-09-10 13:00:00
End      : 2026-09-10 16:00:00
Remark   : Provider is on maintenance
======================================

========== VALIDATION START ==========
Provider Validation | Expected: 3SINGV2 [THREESING] | Actual: 3SINGV2 [THREESING] | Result: PASS
Start Date Validation | Expected: 2026-09-10 13:00:00 | Actual: 2026-09-10 13:00:00 | Result: PASS
End Date Validation | Expected: 2026-09-10 16:00:00 | Actual: 2026-09-10 16:00:00 | Result: PASS
Remark Validation | Expected: Provider is on maintenance | Actual: Provider is on maintenance | Result: PASS
--------------------------------------
ALL VALIDATIONS PASSED
========== VALIDATION END ============

ALL VALIDATIONS PASSED
Waiting for AJAX processing...
AJAX processing completed.
Save button found.
Save button clicked.

======================================
SUBMIT SUCCESSFUL
Provider : 3SINGV2 [THREESING]
Currency : LKR
======================================
RESULT WRITTEN: 3SINGV2 [THREESING] | LKR | PASS
Modal Cancel clicked.
Last currency completed for provider: 3SINGV2 [THREESING]
No new modal will be opened.

==============================================
NORMAL CURRENCY PROCESSING COMPLETED
Provider : 3SINGV2 [THREESING]
No definite failed currencies.
==============================================

##############################################
PROVIDER COMPLETED
Provider : 3SINGV2 [THREESING]
##############################################

##############################################
STARTING PROVIDER
Provider : CLOTPLAY-INST [CLOTPLAY-INST]
Start    : 2026-09-10 09:00:00
End      : 2026-09-10 10:00:00
Remark   : Provider is on maintenance
##############################################
Fresh Add Notification modal opened.
Currencies available: [THB, BDT, INR, PKR, SGD, AUD, HKD, MYR, NPR, PHP, MMK, IDR, USD, VND, LAK, TWD, PGK, LKR]

==============================================
Provider : CLOTPLAY-INST [CLOTPLAY-INST]
Currency : THB
Attempt  : 1
==============================================
Currency selected: THB
Currency validation PASS
Waiting for merchants to load for THB
Merchant options found: 34
Merchants selected: 34 / 34
All merchants selected successfully for THB
Provider selected successfully: CLOTPLAY-INST [CLOTPLAY-INST]
Start date validation PASS
End date validation PASS
Remark validation PASS

======================================
VALIDATING BEFORE SAVE
Provider : CLOTPLAY-INST [CLOTPLAY-INST]
Currency : THB
Start    : 2026-09-10 09:00:00
End      : 2026-09-10 10:00:00
Remark   : Provider is on maintenance
======================================

========== VALIDATION START ==========
Provider Validation | Expected: CLOTPLAY-INST [CLOTPLAY-INST] | Actual: CLOTPLAY-INST [CLOTPLAY-INST] | Result: PASS
Start Date Validation | Expected: 2026-09-10 09:00:00 | Actual: 2026-09-10 09:00:00 | Result: PASS
End Date Validation | Expected: 2026-09-10 10:00:00 | Actual: 2026-09-10 10:00:00 | Result: PASS
Remark Validation | Expected: Provider is on maintenance | Actual: Provider is on maintenance | Result: PASS
--------------------------------------
ALL VALIDATIONS PASSED
========== VALIDATION END ============

ALL VALIDATIONS PASSED
Waiting for AJAX processing...
AJAX processing completed.
Save button found.
Save button clicked.

======================================
SUBMIT SUCCESSFUL
Provider : CLOTPLAY-INST [CLOTPLAY-INST]
Currency : THB
======================================
RESULT WRITTEN: CLOTPLAY-INST [CLOTPLAY-INST] | THB | PASS
Modal Cancel clicked.
Fresh Add Notification modal opened.

==============================================
Provider : CLOTPLAY-INST [CLOTPLAY-INST]
Currency : BDT
Attempt  : 1
==============================================
Currency selected: BDT
Currency validation PASS
Waiting for merchants to load for BDT
Merchant options found: 11
Merchants selected: 11 / 11
All merchants selected successfully for BDT
Provider selected successfully: CLOTPLAY-INST [CLOTPLAY-INST]
Start date validation PASS
End date validation PASS
Remark validation PASS

======================================
VALIDATING BEFORE SAVE
Provider : CLOTPLAY-INST [CLOTPLAY-INST]
Currency : BDT
Start    : 2026-09-10 09:00:00
End      : 2026-09-10 10:00:00
Remark   : Provider is on maintenance
======================================

========== VALIDATION START ==========
Provider Validation | Expected: CLOTPLAY-INST [CLOTPLAY-INST] | Actual: CLOTPLAY-INST [CLOTPLAY-INST] | Result: PASS
Start Date Validation | Expected: 2026-09-10 09:00:00 | Actual: 2026-09-10 09:00:00 | Result: PASS
End Date Validation | Expected: 2026-09-10 10:00:00 | Actual: 2026-09-10 10:00:00 | Result: PASS
Remark Validation | Expected: Provider is on maintenance | Actual: Provider is on maintenance | Result: PASS
--------------------------------------
ALL VALIDATIONS PASSED
========== VALIDATION END ============

ALL VALIDATIONS PASSED
Waiting for AJAX processing...
AJAX processing completed.
Save button found.
Save button clicked.

======================================
SUBMIT SUCCESSFUL
Provider : CLOTPLAY-INST [CLOTPLAY-INST]
Currency : BDT
======================================
RESULT WRITTEN: CLOTPLAY-INST [CLOTPLAY-INST] | BDT | PASS
Modal Cancel clicked.
Fresh Add Notification modal opened.

==============================================
Provider : CLOTPLAY-INST [CLOTPLAY-INST]
Currency : INR
Attempt  : 1
==============================================
Currency selected: INR
Currency validation PASS
Waiting for merchants to load for INR
Merchant options found: 5
Merchants selected: 5 / 5
All merchants selected successfully for INR
Provider selected successfully: CLOTPLAY-INST [CLOTPLAY-INST]
Start date validation PASS
End date validation PASS
Remark validation PASS

======================================
VALIDATING BEFORE SAVE
Provider : CLOTPLAY-INST [CLOTPLAY-INST]
Currency : INR
Start    : 2026-09-10 09:00:00
End      : 2026-09-10 10:00:00
Remark   : Provider is on maintenance
======================================

========== VALIDATION START ==========
Provider Validation | Expected: CLOTPLAY-INST [CLOTPLAY-INST] | Actual: CLOTPLAY-INST [CLOTPLAY-INST] | Result: PASS
Start Date Validation | Expected: 2026-09-10 09:00:00 | Actual: 2026-09-10 09:00:00 | Result: PASS
End Date Validation | Expected: 2026-09-10 10:00:00 | Actual: 2026-09-10 10:00:00 | Result: PASS
Remark Validation | Expected: Provider is on maintenance | Actual: Provider is on maintenance | Result: PASS
--------------------------------------
ALL VALIDATIONS PASSED
========== VALIDATION END ============

ALL VALIDATIONS PASSED
Waiting for AJAX processing...
AJAX processing completed.
Save button found.
Save button clicked.

======================================
SUBMIT SUCCESSFUL
Provider : CLOTPLAY-INST [CLOTPLAY-INST]
Currency : INR
======================================
RESULT WRITTEN: CLOTPLAY-INST [CLOTPLAY-INST] | INR | PASS
Modal Cancel clicked.
Fresh Add Notification modal opened.

==============================================
Provider : CLOTPLAY-INST [CLOTPLAY-INST]
Currency : PKR
Attempt  : 1
==============================================
Currency selected: PKR
Currency validation PASS
Waiting for merchants to load for PKR
Merchant options found: 4
Merchants selected: 4 / 4
All merchants selected successfully for PKR
Provider selected successfully: CLOTPLAY-INST [CLOTPLAY-INST]
Start date validation PASS
End date validation PASS
Remark validation PASS

======================================
VALIDATING BEFORE SAVE
Provider : CLOTPLAY-INST [CLOTPLAY-INST]
Currency : PKR
Start    : 2026-09-10 09:00:00
End      : 2026-09-10 10:00:00
Remark   : Provider is on maintenance
======================================

========== VALIDATION START ==========
Provider Validation | Expected: CLOTPLAY-INST [CLOTPLAY-INST] | Actual: CLOTPLAY-INST [CLOTPLAY-INST] | Result: PASS
Start Date Validation | Expected: 2026-09-10 09:00:00 | Actual: 2026-09-10 09:00:00 | Result: PASS
End Date Validation | Expected: 2026-09-10 10:00:00 | Actual: 2026-09-10 10:00:00 | Result: PASS
Remark Validation | Expected: Provider is on maintenance | Actual: Provider is on maintenance | Result: PASS
--------------------------------------
ALL VALIDATIONS PASSED
========== VALIDATION END ============

ALL VALIDATIONS PASSED
Waiting for AJAX processing...
AJAX processing completed.
Save button found.
Save button clicked.

======================================
SUBMIT SUCCESSFUL
Provider : CLOTPLAY-INST [CLOTPLAY-INST]
Currency : PKR
======================================
RESULT WRITTEN: CLOTPLAY-INST [CLOTPLAY-INST] | PKR | PASS
Modal Cancel clicked.
Fresh Add Notification modal opened.

==============================================
Provider : CLOTPLAY-INST [CLOTPLAY-INST]
Currency : SGD
Attempt  : 1
==============================================
Currency selected: SGD
Currency validation PASS
Waiting for merchants to load for SGD
Merchant options found: 9
Merchants selected: 9 / 9
All merchants selected successfully for SGD
Provider selected successfully: CLOTPLAY-INST [CLOTPLAY-INST]
Start date validation PASS
End date validation PASS
Remark validation PASS

======================================
VALIDATING BEFORE SAVE
Provider : CLOTPLAY-INST [CLOTPLAY-INST]
Currency : SGD
Start    : 2026-09-10 09:00:00
End      : 2026-09-10 10:00:00
Remark   : Provider is on maintenance
======================================

========== VALIDATION START ==========
Provider Validation | Expected: CLOTPLAY-INST [CLOTPLAY-INST] | Actual: CLOTPLAY-INST [CLOTPLAY-INST] | Result: PASS
Start Date Validation | Expected: 2026-09-10 09:00:00 | Actual: 2026-09-10 09:00:00 | Result: PASS
End Date Validation | Expected: 2026-09-10 10:00:00 | Actual: 2026-09-10 10:00:00 | Result: PASS
Remark Validation | Expected: Provider is on maintenance | Actual: Provider is on maintenance | Result: PASS
--------------------------------------
ALL VALIDATIONS PASSED
========== VALIDATION END ============

ALL VALIDATIONS PASSED
Waiting for AJAX processing...
AJAX processing completed.
Save button found.
Save button clicked.

======================================
SUBMIT SUCCESSFUL
Provider : CLOTPLAY-INST [CLOTPLAY-INST]
Currency : SGD
======================================
RESULT WRITTEN: CLOTPLAY-INST [CLOTPLAY-INST] | SGD | PASS
Modal Cancel clicked.
Fresh Add Notification modal opened.

==============================================
Provider : CLOTPLAY-INST [CLOTPLAY-INST]
Currency : AUD
Attempt  : 1
==============================================
Currency selected: AUD
Currency validation PASS
Waiting for merchants to load for AUD
Merchant options found: 25
Merchants selected: 25 / 25
All merchants selected successfully for AUD
Provider selected successfully: CLOTPLAY-INST [CLOTPLAY-INST]
Start date validation PASS
End date validation PASS
Remark validation PASS

======================================
VALIDATING BEFORE SAVE
Provider : CLOTPLAY-INST [CLOTPLAY-INST]
Currency : AUD
Start    : 2026-09-10 09:00:00
End      : 2026-09-10 10:00:00
Remark   : Provider is on maintenance
======================================

========== VALIDATION START ==========
Provider Validation | Expected: CLOTPLAY-INST [CLOTPLAY-INST] | Actual: CLOTPLAY-INST [CLOTPLAY-INST] | Result: PASS
Start Date Validation | Expected: 2026-09-10 09:00:00 | Actual: 2026-09-10 09:00:00 | Result: PASS
End Date Validation | Expected: 2026-09-10 10:00:00 | Actual: 2026-09-10 10:00:00 | Result: PASS
Remark Validation | Expected: Provider is on maintenance | Actual: Provider is on maintenance | Result: PASS
--------------------------------------
ALL VALIDATIONS PASSED
========== VALIDATION END ============

ALL VALIDATIONS PASSED
Waiting for AJAX processing...
AJAX processing completed.
Save button found.
Save button clicked.

======================================
SUBMIT SUCCESSFUL
Provider : CLOTPLAY-INST [CLOTPLAY-INST]
Currency : AUD
======================================
RESULT WRITTEN: CLOTPLAY-INST [CLOTPLAY-INST] | AUD | PASS
Modal Cancel clicked.
Fresh Add Notification modal opened.

==============================================
Provider : CLOTPLAY-INST [CLOTPLAY-INST]
Currency : HKD
Attempt  : 1
==============================================
Currency selected: HKD
Currency validation PASS
Waiting for merchants to load for HKD
Merchant options found: 3
Merchants selected: 3 / 3
All merchants selected successfully for HKD
Provider selected successfully: CLOTPLAY-INST [CLOTPLAY-INST]
Start date validation PASS
End date validation PASS
Remark validation PASS

======================================
VALIDATING BEFORE SAVE
Provider : CLOTPLAY-INST [CLOTPLAY-INST]
Currency : HKD
Start    : 2026-09-10 09:00:00
End      : 2026-09-10 10:00:00
Remark   : Provider is on maintenance
======================================

========== VALIDATION START ==========
Provider Validation | Expected: CLOTPLAY-INST [CLOTPLAY-INST] | Actual: CLOTPLAY-INST [CLOTPLAY-INST] | Result: PASS
Start Date Validation | Expected: 2026-09-10 09:00:00 | Actual: 2026-09-10 09:00:00 | Result: PASS
End Date Validation | Expected: 2026-09-10 10:00:00 | Actual: 2026-09-10 10:00:00 | Result: PASS
Remark Validation | Expected: Provider is on maintenance | Actual: Provider is on maintenance | Result: PASS
--------------------------------------
ALL VALIDATIONS PASSED
========== VALIDATION END ============

ALL VALIDATIONS PASSED
Waiting for AJAX processing...
AJAX processing completed.
Save button found.
Save button clicked.

======================================
SUBMIT SUCCESSFUL
Provider : CLOTPLAY-INST [CLOTPLAY-INST]
Currency : HKD
======================================
RESULT WRITTEN: CLOTPLAY-INST [CLOTPLAY-INST] | HKD | PASS
Modal Cancel clicked.
Fresh Add Notification modal opened.

==============================================
Provider : CLOTPLAY-INST [CLOTPLAY-INST]
Currency : MYR
Attempt  : 1
==============================================
Currency selected: MYR
Currency validation PASS
Waiting for merchants to load for MYR
Merchant options found: 22
Merchants selected: 22 / 22
All merchants selected successfully for MYR
Provider selected successfully: CLOTPLAY-INST [CLOTPLAY-INST]
Start date validation PASS
End date validation PASS
Remark validation PASS

======================================
VALIDATING BEFORE SAVE
Provider : CLOTPLAY-INST [CLOTPLAY-INST]
Currency : MYR
Start    : 2026-09-10 09:00:00
End      : 2026-09-10 10:00:00
Remark   : Provider is on maintenance
======================================

========== VALIDATION START ==========
Provider Validation | Expected: CLOTPLAY-INST [CLOTPLAY-INST] | Actual: CLOTPLAY-INST [CLOTPLAY-INST] | Result: PASS
Start Date Validation | Expected: 2026-09-10 09:00:00 | Actual: 2026-09-10 09:00:00 | Result: PASS
End Date Validation | Expected: 2026-09-10 10:00:00 | Actual: 2026-09-10 10:00:00 | Result: PASS
Remark Validation | Expected: Provider is on maintenance | Actual: Provider is on maintenance | Result: PASS
--------------------------------------
ALL VALIDATIONS PASSED
========== VALIDATION END ============

ALL VALIDATIONS PASSED
Waiting for AJAX processing...
AJAX processing completed.
Save button found.
Save button clicked.

======================================
SUBMIT SUCCESSFUL
Provider : CLOTPLAY-INST [CLOTPLAY-INST]
Currency : MYR
======================================
RESULT WRITTEN: CLOTPLAY-INST [CLOTPLAY-INST] | MYR | PASS
Modal Cancel clicked.
Fresh Add Notification modal opened.

==============================================
Provider : CLOTPLAY-INST [CLOTPLAY-INST]
Currency : NPR
Attempt  : 1
==============================================
Currency selected: NPR
Currency validation PASS
Waiting for merchants to load for NPR
Merchant options found: 32
Merchants selected: 32 / 32
All merchants selected successfully for NPR
Provider selected successfully: CLOTPLAY-INST [CLOTPLAY-INST]
Start date validation PASS
End date validation PASS
Remark validation PASS

======================================
VALIDATING BEFORE SAVE
Provider : CLOTPLAY-INST [CLOTPLAY-INST]
Currency : NPR
Start    : 2026-09-10 09:00:00
End      : 2026-09-10 10:00:00
Remark   : Provider is on maintenance
======================================

========== VALIDATION START ==========
Provider Validation | Expected: CLOTPLAY-INST [CLOTPLAY-INST] | Actual: CLOTPLAY-INST [CLOTPLAY-INST] | Result: PASS
Start Date Validation | Expected: 2026-09-10 09:00:00 | Actual: 2026-09-10 09:00:00 | Result: PASS
End Date Validation | Expected: 2026-09-10 10:00:00 | Actual: 2026-09-10 10:00:00 | Result: PASS
Remark Validation | Expected: Provider is on maintenance | Actual: Provider is on maintenance | Result: PASS
--------------------------------------
ALL VALIDATIONS PASSED
========== VALIDATION END ============

ALL VALIDATIONS PASSED
Waiting for AJAX processing...
AJAX processing completed.
Save button found.
Save button clicked.

======================================
SUBMIT SUCCESSFUL
Provider : CLOTPLAY-INST [CLOTPLAY-INST]
Currency : NPR
======================================
RESULT WRITTEN: CLOTPLAY-INST [CLOTPLAY-INST] | NPR | PASS
Modal Cancel clicked.
Fresh Add Notification modal opened.

==============================================
Provider : CLOTPLAY-INST [CLOTPLAY-INST]
Currency : PHP
Attempt  : 1
==============================================
Currency selected: PHP
Currency validation PASS
Waiting for merchants to load for PHP
Merchant options found: 13
Merchants selected: 13 / 13
All merchants selected successfully for PHP
Provider selected successfully: CLOTPLAY-INST [CLOTPLAY-INST]
Start date validation PASS
End date validation PASS
Remark validation PASS

======================================
VALIDATING BEFORE SAVE
Provider : CLOTPLAY-INST [CLOTPLAY-INST]
Currency : PHP
Start    : 2026-09-10 09:00:00
End      : 2026-09-10 10:00:00
Remark   : Provider is on maintenance
======================================

========== VALIDATION START ==========
Provider Validation | Expected: CLOTPLAY-INST [CLOTPLAY-INST] | Actual: CLOTPLAY-INST [CLOTPLAY-INST] | Result: PASS
Start Date Validation | Expected: 2026-09-10 09:00:00 | Actual: 2026-09-10 09:00:00 | Result: PASS
End Date Validation | Expected: 2026-09-10 10:00:00 | Actual: 2026-09-10 10:00:00 | Result: PASS
Remark Validation | Expected: Provider is on maintenance | Actual: Provider is on maintenance | Result: PASS
--------------------------------------
ALL VALIDATIONS PASSED
========== VALIDATION END ============

ALL VALIDATIONS PASSED
Waiting for AJAX processing...
AJAX processing completed.
Save button found.
Save button clicked.

======================================
SUBMIT SUCCESSFUL
Provider : CLOTPLAY-INST [CLOTPLAY-INST]
Currency : PHP
======================================
RESULT WRITTEN: CLOTPLAY-INST [CLOTPLAY-INST] | PHP | PASS
Modal Cancel clicked.
Fresh Add Notification modal opened.

==============================================
Provider : CLOTPLAY-INST [CLOTPLAY-INST]
Currency : MMK
Attempt  : 1
==============================================
Currency selected: MMK
Currency validation PASS
Waiting for merchants to load for MMK
Merchant options found: 2
Merchants selected: 2 / 2
All merchants selected successfully for MMK
Provider selected successfully: CLOTPLAY-INST [CLOTPLAY-INST]
Start date validation PASS
End date validation PASS
Remark validation PASS

======================================
VALIDATING BEFORE SAVE
Provider : CLOTPLAY-INST [CLOTPLAY-INST]
Currency : MMK
Start    : 2026-09-10 09:00:00
End      : 2026-09-10 10:00:00
Remark   : Provider is on maintenance
======================================

========== VALIDATION START ==========
Provider Validation | Expected: CLOTPLAY-INST [CLOTPLAY-INST] | Actual: CLOTPLAY-INST [CLOTPLAY-INST] | Result: PASS
Start Date Validation | Expected: 2026-09-10 09:00:00 | Actual: 2026-09-10 09:00:00 | Result: PASS
End Date Validation | Expected: 2026-09-10 10:00:00 | Actual: 2026-09-10 10:00:00 | Result: PASS
Remark Validation | Expected: Provider is on maintenance | Actual: Provider is on maintenance | Result: PASS
--------------------------------------
ALL VALIDATIONS PASSED
========== VALIDATION END ============

ALL VALIDATIONS PASSED
Waiting for AJAX processing...
AJAX processing completed.
Save button found.
Save button clicked.

======================================
SUBMIT SUCCESSFUL
Provider : CLOTPLAY-INST [CLOTPLAY-INST]
Currency : MMK
======================================
RESULT WRITTEN: CLOTPLAY-INST [CLOTPLAY-INST] | MMK | PASS
Modal Cancel clicked.
Fresh Add Notification modal opened.

==============================================
Provider : CLOTPLAY-INST [CLOTPLAY-INST]
Currency : IDR
Attempt  : 1
==============================================
Currency selected: IDR
Currency validation PASS
Waiting for merchants to load for IDR
Merchant options found: 4
Merchants selected: 4 / 4
All merchants selected successfully for IDR
Provider selected successfully: CLOTPLAY-INST [CLOTPLAY-INST]
Start date validation PASS
End date validation PASS
Remark validation PASS

======================================
VALIDATING BEFORE SAVE
Provider : CLOTPLAY-INST [CLOTPLAY-INST]
Currency : IDR
Start    : 2026-09-10 09:00:00
End      : 2026-09-10 10:00:00
Remark   : Provider is on maintenance
======================================

========== VALIDATION START ==========
Provider Validation | Expected: CLOTPLAY-INST [CLOTPLAY-INST] | Actual: CLOTPLAY-INST [CLOTPLAY-INST] | Result: PASS
Start Date Validation | Expected: 2026-09-10 09:00:00 | Actual: 2026-09-10 09:00:00 | Result: PASS
End Date Validation | Expected: 2026-09-10 10:00:00 | Actual: 2026-09-10 10:00:00 | Result: PASS
Remark Validation | Expected: Provider is on maintenance | Actual: Provider is on maintenance | Result: PASS
--------------------------------------
ALL VALIDATIONS PASSED
========== VALIDATION END ============

ALL VALIDATIONS PASSED
Waiting for AJAX processing...
AJAX processing completed.
Save button found.
Save button clicked.

======================================
SUBMIT SUCCESSFUL
Provider : CLOTPLAY-INST [CLOTPLAY-INST]
Currency : IDR
======================================
RESULT WRITTEN: CLOTPLAY-INST [CLOTPLAY-INST] | IDR | PASS
Modal Cancel clicked.
Fresh Add Notification modal opened.

==============================================
Provider : CLOTPLAY-INST [CLOTPLAY-INST]
Currency : USD
Attempt  : 1
==============================================
Currency selected: USD
Currency validation PASS
Waiting for merchants to load for USD
Merchant options found: 5
Merchants selected: 5 / 5
All merchants selected successfully for USD
Provider selected successfully: CLOTPLAY-INST [CLOTPLAY-INST]
Start date validation PASS
End date validation PASS
Remark validation PASS

======================================
VALIDATING BEFORE SAVE
Provider : CLOTPLAY-INST [CLOTPLAY-INST]
Currency : USD
Start    : 2026-09-10 09:00:00
End      : 2026-09-10 10:00:00
Remark   : Provider is on maintenance
======================================

========== VALIDATION START ==========
Provider Validation | Expected: CLOTPLAY-INST [CLOTPLAY-INST] | Actual: CLOTPLAY-INST [CLOTPLAY-INST] | Result: PASS
Start Date Validation | Expected: 2026-09-10 09:00:00 | Actual: 2026-09-10 09:00:00 | Result: PASS
End Date Validation | Expected: 2026-09-10 10:00:00 | Actual: 2026-09-10 10:00:00 | Result: PASS
Remark Validation | Expected: Provider is on maintenance | Actual: Provider is on maintenance | Result: PASS
--------------------------------------
ALL VALIDATIONS PASSED
========== VALIDATION END ============

ALL VALIDATIONS PASSED
Waiting for AJAX processing...
AJAX processing completed.
Save button found.
Save button clicked.

======================================
SUBMIT SUCCESSFUL
Provider : CLOTPLAY-INST [CLOTPLAY-INST]
Currency : USD
======================================
RESULT WRITTEN: CLOTPLAY-INST [CLOTPLAY-INST] | USD | PASS
Modal Cancel clicked.
Fresh Add Notification modal opened.

==============================================
Provider : CLOTPLAY-INST [CLOTPLAY-INST]
Currency : VND
Attempt  : 1
==============================================
Currency selected: VND
Currency validation PASS
Waiting for merchants to load for VND
Merchant options found: 3
Merchants selected: 3 / 3
All merchants selected successfully for VND
Provider selected successfully: CLOTPLAY-INST [CLOTPLAY-INST]
Start date validation PASS
End date validation PASS
Remark validation PASS

======================================
VALIDATING BEFORE SAVE
Provider : CLOTPLAY-INST [CLOTPLAY-INST]
Currency : VND
Start    : 2026-09-10 09:00:00
End      : 2026-09-10 10:00:00
Remark   : Provider is on maintenance
======================================

========== VALIDATION START ==========
Provider Validation | Expected: CLOTPLAY-INST [CLOTPLAY-INST] | Actual: CLOTPLAY-INST [CLOTPLAY-INST] | Result: PASS
Start Date Validation | Expected: 2026-09-10 09:00:00 | Actual: 2026-09-10 09:00:00 | Result: PASS
End Date Validation | Expected: 2026-09-10 10:00:00 | Actual: 2026-09-10 10:00:00 | Result: PASS
Remark Validation | Expected: Provider is on maintenance | Actual: Provider is on maintenance | Result: PASS
--------------------------------------
ALL VALIDATIONS PASSED
========== VALIDATION END ============

ALL VALIDATIONS PASSED
Waiting for AJAX processing...
AJAX processing completed.
Save button found.
Save button clicked.

======================================
SUBMIT SUCCESSFUL
Provider : CLOTPLAY-INST [CLOTPLAY-INST]
Currency : VND
======================================
RESULT WRITTEN: CLOTPLAY-INST [CLOTPLAY-INST] | VND | PASS
Modal Cancel clicked.
Fresh Add Notification modal opened.

==============================================
Provider : CLOTPLAY-INST [CLOTPLAY-INST]
Currency : LAK
Attempt  : 1
==============================================
Currency selected: LAK
Currency validation PASS
Waiting for merchants to load for LAK
Merchant options found: 2
Merchants selected: 2 / 2
All merchants selected successfully for LAK
Provider selected successfully: CLOTPLAY-INST [CLOTPLAY-INST]
Start date validation PASS
End date validation PASS
Remark validation PASS

======================================
VALIDATING BEFORE SAVE
Provider : CLOTPLAY-INST [CLOTPLAY-INST]
Currency : LAK
Start    : 2026-09-10 09:00:00
End      : 2026-09-10 10:00:00
Remark   : Provider is on maintenance
======================================

========== VALIDATION START ==========
Provider Validation | Expected: CLOTPLAY-INST [CLOTPLAY-INST] | Actual: CLOTPLAY-INST [CLOTPLAY-INST] | Result: PASS
Start Date Validation | Expected: 2026-09-10 09:00:00 | Actual: 2026-09-10 09:00:00 | Result: PASS
End Date Validation | Expected: 2026-09-10 10:00:00 | Actual: 2026-09-10 10:00:00 | Result: PASS
Remark Validation | Expected: Provider is on maintenance | Actual: Provider is on maintenance | Result: PASS
--------------------------------------
ALL VALIDATIONS PASSED
========== VALIDATION END ============

ALL VALIDATIONS PASSED
Waiting for AJAX processing...
AJAX processing completed.
Save button found.
Save button clicked.

======================================
SUBMIT SUCCESSFUL
Provider : CLOTPLAY-INST [CLOTPLAY-INST]
Currency : LAK
======================================
RESULT WRITTEN: CLOTPLAY-INST [CLOTPLAY-INST] | LAK | PASS
Modal Cancel clicked.
Fresh Add Notification modal opened.

==============================================
Provider : CLOTPLAY-INST [CLOTPLAY-INST]
Currency : TWD
Attempt  : 1
==============================================
Currency selected: TWD
Currency validation PASS
Waiting for merchants to load for TWD
Merchant options found: 2
Merchants selected: 2 / 2
All merchants selected successfully for TWD
Provider selected successfully: CLOTPLAY-INST [CLOTPLAY-INST]
Start date validation PASS
End date validation PASS
Remark validation PASS

======================================
VALIDATING BEFORE SAVE
Provider : CLOTPLAY-INST [CLOTPLAY-INST]
Currency : TWD
Start    : 2026-09-10 09:00:00
End      : 2026-09-10 10:00:00
Remark   : Provider is on maintenance
======================================

========== VALIDATION START ==========
Provider Validation | Expected: CLOTPLAY-INST [CLOTPLAY-INST] | Actual: CLOTPLAY-INST [CLOTPLAY-INST] | Result: PASS
Start Date Validation | Expected: 2026-09-10 09:00:00 | Actual: 2026-09-10 09:00:00 | Result: PASS
End Date Validation | Expected: 2026-09-10 10:00:00 | Actual: 2026-09-10 10:00:00 | Result: PASS
Remark Validation | Expected: Provider is on maintenance | Actual: Provider is on maintenance | Result: PASS
--------------------------------------
ALL VALIDATIONS PASSED
========== VALIDATION END ============

ALL VALIDATIONS PASSED
Waiting for AJAX processing...
AJAX processing completed.
Save button found.
Save button clicked.

======================================
SUBMIT SUCCESSFUL
Provider : CLOTPLAY-INST [CLOTPLAY-INST]
Currency : TWD
======================================
RESULT WRITTEN: CLOTPLAY-INST [CLOTPLAY-INST] | TWD | PASS
Modal Cancel clicked.
Fresh Add Notification modal opened.

==============================================
Provider : CLOTPLAY-INST [CLOTPLAY-INST]
Currency : PGK
Attempt  : 1
==============================================
Currency selected: PGK
Currency validation PASS
Waiting for merchants to load for PGK
Merchant options found: 3
Merchants selected: 3 / 3
All merchants selected successfully for PGK
Provider selected successfully: CLOTPLAY-INST [CLOTPLAY-INST]
Start date validation PASS
End date validation PASS
Remark validation PASS

======================================
VALIDATING BEFORE SAVE
Provider : CLOTPLAY-INST [CLOTPLAY-INST]
Currency : PGK
Start    : 2026-09-10 09:00:00
End      : 2026-09-10 10:00:00
Remark   : Provider is on maintenance
======================================

========== VALIDATION START ==========
Provider Validation | Expected: CLOTPLAY-INST [CLOTPLAY-INST] | Actual: CLOTPLAY-INST [CLOTPLAY-INST] | Result: PASS
Start Date Validation | Expected: 2026-09-10 09:00:00 | Actual: 2026-09-10 09:00:00 | Result: PASS
End Date Validation | Expected: 2026-09-10 10:00:00 | Actual: 2026-09-10 10:00:00 | Result: PASS
Remark Validation | Expected: Provider is on maintenance | Actual: Provider is on maintenance | Result: PASS
--------------------------------------
ALL VALIDATIONS PASSED
========== VALIDATION END ============

ALL VALIDATIONS PASSED
Waiting for AJAX processing...
AJAX processing completed.
Save button found.
Save button clicked.

======================================
SUBMIT SUCCESSFUL
Provider : CLOTPLAY-INST [CLOTPLAY-INST]
Currency : PGK
======================================
RESULT WRITTEN: CLOTPLAY-INST [CLOTPLAY-INST] | PGK | PASS
Modal Cancel clicked.
Fresh Add Notification modal opened.

==============================================
Provider : CLOTPLAY-INST [CLOTPLAY-INST]
Currency : LKR
Attempt  : 1
==============================================
Currency selected: LKR
Currency validation PASS
Waiting for merchants to load for LKR
Merchant options found: 1
Merchants selected: 1 / 1
All merchants selected successfully for LKR
Provider selected successfully: CLOTPLAY-INST [CLOTPLAY-INST]
Start date validation PASS
End date validation PASS
Remark validation PASS

======================================
VALIDATING BEFORE SAVE
Provider : CLOTPLAY-INST [CLOTPLAY-INST]
Currency : LKR
Start    : 2026-09-10 09:00:00
End      : 2026-09-10 10:00:00
Remark   : Provider is on maintenance
======================================

========== VALIDATION START ==========
Provider Validation | Expected: CLOTPLAY-INST [CLOTPLAY-INST] | Actual: CLOTPLAY-INST [CLOTPLAY-INST] | Result: PASS
Start Date Validation | Expected: 2026-09-10 09:00:00 | Actual: 2026-09-10 09:00:00 | Result: PASS
End Date Validation | Expected: 2026-09-10 10:00:00 | Actual: 2026-09-10 10:00:00 | Result: PASS
Remark Validation | Expected: Provider is on maintenance | Actual: Provider is on maintenance | Result: PASS
--------------------------------------
ALL VALIDATIONS PASSED
========== VALIDATION END ============

ALL VALIDATIONS PASSED
Waiting for AJAX processing...
AJAX processing completed.
Save button found.
Save button clicked.

======================================
SUBMIT SUCCESSFUL
Provider : CLOTPLAY-INST [CLOTPLAY-INST]
Currency : LKR
======================================
RESULT WRITTEN: CLOTPLAY-INST [CLOTPLAY-INST] | LKR | PASS
Modal Cancel clicked.
Last currency completed for provider: CLOTPLAY-INST [CLOTPLAY-INST]
No new modal will be opened.

==============================================
NORMAL CURRENCY PROCESSING COMPLETED
Provider : CLOTPLAY-INST [CLOTPLAY-INST]
No definite failed currencies.
==============================================

##############################################
PROVIDER COMPLETED
Provider : CLOTPLAY-INST [CLOTPLAY-INST]
##############################################

##############################################
STARTING PROVIDER
Provider : CLOTPLAY-SLOT [CLOTPLAY-SLOT]
Start    : 2026-09-10 09:00:00
End      : 2026-09-10 10:00:00
Remark   : Provider is on maintenance
##############################################
Fresh Add Notification modal opened.
Currencies available: [THB, BDT, INR, PKR, SGD, AUD, HKD, MYR, NPR, PHP, MMK, IDR, USD, VND, LAK, TWD, PGK, LKR]

==============================================
Provider : CLOTPLAY-SLOT [CLOTPLAY-SLOT]
Currency : THB
Attempt  : 1
==============================================
Currency selected: THB
Currency validation PASS
Waiting for merchants to load for THB
Merchant options found: 34
Merchants selected: 34 / 34
All merchants selected successfully for THB
Provider selected successfully: CLOTPLAY-SLOT [CLOTPLAY-SLOT]
Start date validation PASS
End date validation PASS
Remark validation PASS

======================================
VALIDATING BEFORE SAVE
Provider : CLOTPLAY-SLOT [CLOTPLAY-SLOT]
Currency : THB
Start    : 2026-09-10 09:00:00
End      : 2026-09-10 10:00:00
Remark   : Provider is on maintenance
======================================

========== VALIDATION START ==========
Provider Validation | Expected: CLOTPLAY-SLOT [CLOTPLAY-SLOT] | Actual: CLOTPLAY-SLOT [CLOTPLAY-SLOT] | Result: PASS
Start Date Validation | Expected: 2026-09-10 09:00:00 | Actual: 2026-09-10 09:00:00 | Result: PASS
End Date Validation | Expected: 2026-09-10 10:00:00 | Actual: 2026-09-10 10:00:00 | Result: PASS
Remark Validation | Expected: Provider is on maintenance | Actual: Provider is on maintenance | Result: PASS
--------------------------------------
ALL VALIDATIONS PASSED
========== VALIDATION END ============

ALL VALIDATIONS PASSED
Waiting for AJAX processing...
AJAX processing completed.
Save button found.
Save button clicked.

======================================
SUBMIT SUCCESSFUL
Provider : CLOTPLAY-SLOT [CLOTPLAY-SLOT]
Currency : THB
======================================
RESULT WRITTEN: CLOTPLAY-SLOT [CLOTPLAY-SLOT] | THB | PASS
Modal Cancel clicked.
Fresh Add Notification modal opened.

==============================================
Provider : CLOTPLAY-SLOT [CLOTPLAY-SLOT]
Currency : BDT
Attempt  : 1
==============================================
Currency selected: BDT
Currency validation PASS
Waiting for merchants to load for BDT
Merchant options found: 11
Merchants selected: 11 / 11
All merchants selected successfully for BDT
Provider selected successfully: CLOTPLAY-SLOT [CLOTPLAY-SLOT]
Start date validation PASS
End date validation PASS
Remark validation PASS

======================================
VALIDATING BEFORE SAVE
Provider : CLOTPLAY-SLOT [CLOTPLAY-SLOT]
Currency : BDT
Start    : 2026-09-10 09:00:00
End      : 2026-09-10 10:00:00
Remark   : Provider is on maintenance
======================================

========== VALIDATION START ==========
Provider Validation | Expected: CLOTPLAY-SLOT [CLOTPLAY-SLOT] | Actual: CLOTPLAY-SLOT [CLOTPLAY-SLOT] | Result: PASS
Start Date Validation | Expected: 2026-09-10 09:00:00 | Actual: 2026-09-10 09:00:00 | Result: PASS
End Date Validation | Expected: 2026-09-10 10:00:00 | Actual: 2026-09-10 10:00:00 | Result: PASS
Remark Validation | Expected: Provider is on maintenance | Actual: Provider is on maintenance | Result: PASS
--------------------------------------
ALL VALIDATIONS PASSED
========== VALIDATION END ============

ALL VALIDATIONS PASSED
Waiting for AJAX processing...
AJAX processing completed.
Save button found.
Save button clicked.

======================================
SUBMIT SUCCESSFUL
Provider : CLOTPLAY-SLOT [CLOTPLAY-SLOT]
Currency : BDT
======================================
RESULT WRITTEN: CLOTPLAY-SLOT [CLOTPLAY-SLOT] | BDT | PASS
Modal Cancel clicked.
Fresh Add Notification modal opened.

==============================================
Provider : CLOTPLAY-SLOT [CLOTPLAY-SLOT]
Currency : INR
Attempt  : 1
==============================================
Currency selected: INR
Currency validation PASS
Waiting for merchants to load for INR
Merchant options found: 5
Merchants selected: 5 / 5
All merchants selected successfully for INR
Provider selected successfully: CLOTPLAY-SLOT [CLOTPLAY-SLOT]
Start date validation PASS
End date validation PASS
Remark validation PASS

======================================
VALIDATING BEFORE SAVE
Provider : CLOTPLAY-SLOT [CLOTPLAY-SLOT]
Currency : INR
Start    : 2026-09-10 09:00:00
End      : 2026-09-10 10:00:00
Remark   : Provider is on maintenance
======================================

========== VALIDATION START ==========
Provider Validation | Expected: CLOTPLAY-SLOT [CLOTPLAY-SLOT] | Actual: CLOTPLAY-SLOT [CLOTPLAY-SLOT] | Result: PASS
Start Date Validation | Expected: 2026-09-10 09:00:00 | Actual: 2026-09-10 09:00:00 | Result: PASS
End Date Validation | Expected: 2026-09-10 10:00:00 | Actual: 2026-09-10 10:00:00 | Result: PASS
Remark Validation | Expected: Provider is on maintenance | Actual: Provider is on maintenance | Result: PASS
--------------------------------------
ALL VALIDATIONS PASSED
========== VALIDATION END ============

ALL VALIDATIONS PASSED
Waiting for AJAX processing...
AJAX processing completed.
Save button found.
Save button clicked.

======================================
SUBMIT SUCCESSFUL
Provider : CLOTPLAY-SLOT [CLOTPLAY-SLOT]
Currency : INR
======================================
RESULT WRITTEN: CLOTPLAY-SLOT [CLOTPLAY-SLOT] | INR | PASS
Modal Cancel clicked.
Fresh Add Notification modal opened.

==============================================
Provider : CLOTPLAY-SLOT [CLOTPLAY-SLOT]
Currency : PKR
Attempt  : 1
==============================================
Currency selected: PKR
Currency validation PASS
Waiting for merchants to load for PKR
Merchant options found: 4
Merchants selected: 4 / 4
All merchants selected successfully for PKR
Provider selected successfully: CLOTPLAY-SLOT [CLOTPLAY-SLOT]
Start date validation PASS
End date validation PASS
Remark validation PASS

======================================
VALIDATING BEFORE SAVE
Provider : CLOTPLAY-SLOT [CLOTPLAY-SLOT]
Currency : PKR
Start    : 2026-09-10 09:00:00
End      : 2026-09-10 10:00:00
Remark   : Provider is on maintenance
======================================

========== VALIDATION START ==========
Provider Validation | Expected: CLOTPLAY-SLOT [CLOTPLAY-SLOT] | Actual: CLOTPLAY-SLOT [CLOTPLAY-SLOT] | Result: PASS
Start Date Validation | Expected: 2026-09-10 09:00:00 | Actual: 2026-09-10 09:00:00 | Result: PASS
End Date Validation | Expected: 2026-09-10 10:00:00 | Actual: 2026-09-10 10:00:00 | Result: PASS
Remark Validation | Expected: Provider is on maintenance | Actual: Provider is on maintenance | Result: PASS
--------------------------------------
ALL VALIDATIONS PASSED
========== VALIDATION END ============

ALL VALIDATIONS PASSED
Waiting for AJAX processing...
AJAX processing completed.
Save button found.
Save button clicked.

======================================
SUBMIT SUCCESSFUL
Provider : CLOTPLAY-SLOT [CLOTPLAY-SLOT]
Currency : PKR
======================================
RESULT WRITTEN: CLOTPLAY-SLOT [CLOTPLAY-SLOT] | PKR | PASS
Modal Cancel clicked.
Fresh Add Notification modal opened.

==============================================
Provider : CLOTPLAY-SLOT [CLOTPLAY-SLOT]
Currency : SGD
Attempt  : 1
==============================================
Currency selected: SGD
Currency validation PASS
Waiting for merchants to load for SGD
Merchant options found: 9
Merchants selected: 9 / 9
All merchants selected successfully for SGD
Provider selected successfully: CLOTPLAY-SLOT [CLOTPLAY-SLOT]
Start date validation PASS
End date validation PASS
Remark validation PASS

======================================
VALIDATING BEFORE SAVE
Provider : CLOTPLAY-SLOT [CLOTPLAY-SLOT]
Currency : SGD
Start    : 2026-09-10 09:00:00
End      : 2026-09-10 10:00:00
Remark   : Provider is on maintenance
======================================

========== VALIDATION START ==========
Provider Validation | Expected: CLOTPLAY-SLOT [CLOTPLAY-SLOT] | Actual: CLOTPLAY-SLOT [CLOTPLAY-SLOT] | Result: PASS
Start Date Validation | Expected: 2026-09-10 09:00:00 | Actual: 2026-09-10 09:00:00 | Result: PASS
End Date Validation | Expected: 2026-09-10 10:00:00 | Actual: 2026-09-10 10:00:00 | Result: PASS
Remark Validation | Expected: Provider is on maintenance | Actual: Provider is on maintenance | Result: PASS
--------------------------------------
ALL VALIDATIONS PASSED
========== VALIDATION END ============

ALL VALIDATIONS PASSED
Waiting for AJAX processing...
AJAX processing completed.
Save button found.
Save button clicked.

======================================
SUBMIT SUCCESSFUL
Provider : CLOTPLAY-SLOT [CLOTPLAY-SLOT]
Currency : SGD
======================================
RESULT WRITTEN: CLOTPLAY-SLOT [CLOTPLAY-SLOT] | SGD | PASS
Modal Cancel clicked.
Fresh Add Notification modal opened.

==============================================
Provider : CLOTPLAY-SLOT [CLOTPLAY-SLOT]
Currency : AUD
Attempt  : 1
==============================================
Currency selected: AUD
Currency validation PASS
Waiting for merchants to load for AUD
Merchant options found: 25
Merchants selected: 25 / 25
All merchants selected successfully for AUD
Provider selected successfully: CLOTPLAY-SLOT [CLOTPLAY-SLOT]
Start date validation PASS
End date validation PASS
Remark validation PASS

======================================
VALIDATING BEFORE SAVE
Provider : CLOTPLAY-SLOT [CLOTPLAY-SLOT]
Currency : AUD
Start    : 2026-09-10 09:00:00
End      : 2026-09-10 10:00:00
Remark   : Provider is on maintenance
======================================

========== VALIDATION START ==========
Provider Validation | Expected: CLOTPLAY-SLOT [CLOTPLAY-SLOT] | Actual: CLOTPLAY-SLOT [CLOTPLAY-SLOT] | Result: PASS
Start Date Validation | Expected: 2026-09-10 09:00:00 | Actual: 2026-09-10 09:00:00 | Result: PASS
End Date Validation | Expected: 2026-09-10 10:00:00 | Actual: 2026-09-10 10:00:00 | Result: PASS
Remark Validation | Expected: Provider is on maintenance | Actual: Provider is on maintenance | Result: PASS
--------------------------------------
ALL VALIDATIONS PASSED
========== VALIDATION END ============

ALL VALIDATIONS PASSED
Waiting for AJAX processing...
AJAX processing completed.
Save button found.
Save button clicked.

======================================
SUBMIT SUCCESSFUL
Provider : CLOTPLAY-SLOT [CLOTPLAY-SLOT]
Currency : AUD
======================================
RESULT WRITTEN: CLOTPLAY-SLOT [CLOTPLAY-SLOT] | AUD | PASS
Modal Cancel clicked.
Fresh Add Notification modal opened.

==============================================
Provider : CLOTPLAY-SLOT [CLOTPLAY-SLOT]
Currency : HKD
Attempt  : 1
==============================================
Currency selected: HKD
Currency validation PASS
Waiting for merchants to load for HKD
Merchant options found: 3
Merchants selected: 3 / 3
All merchants selected successfully for HKD
Provider selected successfully: CLOTPLAY-SLOT [CLOTPLAY-SLOT]
Start date validation PASS
End date validation PASS
Remark validation PASS

======================================
VALIDATING BEFORE SAVE
Provider : CLOTPLAY-SLOT [CLOTPLAY-SLOT]
Currency : HKD
Start    : 2026-09-10 09:00:00
End      : 2026-09-10 10:00:00
Remark   : Provider is on maintenance
======================================

========== VALIDATION START ==========
Provider Validation | Expected: CLOTPLAY-SLOT [CLOTPLAY-SLOT] | Actual: CLOTPLAY-SLOT [CLOTPLAY-SLOT] | Result: PASS
Start Date Validation | Expected: 2026-09-10 09:00:00 | Actual: 2026-09-10 09:00:00 | Result: PASS
End Date Validation | Expected: 2026-09-10 10:00:00 | Actual: 2026-09-10 10:00:00 | Result: PASS
Remark Validation | Expected: Provider is on maintenance | Actual: Provider is on maintenance | Result: PASS
--------------------------------------
ALL VALIDATIONS PASSED
========== VALIDATION END ============

ALL VALIDATIONS PASSED
Waiting for AJAX processing...
AJAX processing completed.
Save button found.
Save button clicked.

======================================
SUBMIT SUCCESSFUL
Provider : CLOTPLAY-SLOT [CLOTPLAY-SLOT]
Currency : HKD
======================================
RESULT WRITTEN: CLOTPLAY-SLOT [CLOTPLAY-SLOT] | HKD | PASS
Modal Cancel clicked.
Fresh Add Notification modal opened.

==============================================
Provider : CLOTPLAY-SLOT [CLOTPLAY-SLOT]
Currency : MYR
Attempt  : 1
==============================================
Currency selected: MYR
Currency validation PASS
Waiting for merchants to load for MYR
Merchant options found: 22
Merchants selected: 22 / 22
All merchants selected successfully for MYR
Provider selected successfully: CLOTPLAY-SLOT [CLOTPLAY-SLOT]
Start date validation PASS
End date validation PASS
Remark validation PASS

======================================
VALIDATING BEFORE SAVE
Provider : CLOTPLAY-SLOT [CLOTPLAY-SLOT]
Currency : MYR
Start    : 2026-09-10 09:00:00
End      : 2026-09-10 10:00:00
Remark   : Provider is on maintenance
======================================

========== VALIDATION START ==========
Provider Validation | Expected: CLOTPLAY-SLOT [CLOTPLAY-SLOT] | Actual: CLOTPLAY-SLOT [CLOTPLAY-SLOT] | Result: PASS
Start Date Validation | Expected: 2026-09-10 09:00:00 | Actual: 2026-09-10 09:00:00 | Result: PASS
End Date Validation | Expected: 2026-09-10 10:00:00 | Actual: 2026-09-10 10:00:00 | Result: PASS
Remark Validation | Expected: Provider is on maintenance | Actual: Provider is on maintenance | Result: PASS
--------------------------------------
ALL VALIDATIONS PASSED
========== VALIDATION END ============

ALL VALIDATIONS PASSED
Waiting for AJAX processing...
AJAX processing completed.
Save button found.
Save button clicked.

======================================
SUBMIT SUCCESSFUL
Provider : CLOTPLAY-SLOT [CLOTPLAY-SLOT]
Currency : MYR
======================================
RESULT WRITTEN: CLOTPLAY-SLOT [CLOTPLAY-SLOT] | MYR | PASS
Modal Cancel clicked.
Fresh Add Notification modal opened.

==============================================
Provider : CLOTPLAY-SLOT [CLOTPLAY-SLOT]
Currency : NPR
Attempt  : 1
==============================================
Currency selected: NPR
Currency validation PASS
Waiting for merchants to load for NPR
Merchant options found: 32
Merchants selected: 32 / 32
All merchants selected successfully for NPR
Provider selected successfully: CLOTPLAY-SLOT [CLOTPLAY-SLOT]
Start date validation PASS
End date validation PASS
Remark validation PASS

======================================
VALIDATING BEFORE SAVE
Provider : CLOTPLAY-SLOT [CLOTPLAY-SLOT]
Currency : NPR
Start    : 2026-09-10 09:00:00
End      : 2026-09-10 10:00:00
Remark   : Provider is on maintenance
======================================

========== VALIDATION START ==========
Provider Validation | Expected: CLOTPLAY-SLOT [CLOTPLAY-SLOT] | Actual: CLOTPLAY-SLOT [CLOTPLAY-SLOT] | Result: PASS
Start Date Validation | Expected: 2026-09-10 09:00:00 | Actual: 2026-09-10 09:00:00 | Result: PASS
End Date Validation | Expected: 2026-09-10 10:00:00 | Actual: 2026-09-10 10:00:00 | Result: PASS
Remark Validation | Expected: Provider is on maintenance | Actual: Provider is on maintenance | Result: PASS
--------------------------------------
ALL VALIDATIONS PASSED
========== VALIDATION END ============

ALL VALIDATIONS PASSED
Waiting for AJAX processing...
AJAX processing completed.
Save button found.
Save button clicked.

======================================
SUBMIT SUCCESSFUL
Provider : CLOTPLAY-SLOT [CLOTPLAY-SLOT]
Currency : NPR
======================================
RESULT WRITTEN: CLOTPLAY-SLOT [CLOTPLAY-SLOT] | NPR | PASS
Modal Cancel clicked.
Fresh Add Notification modal opened.

==============================================
Provider : CLOTPLAY-SLOT [CLOTPLAY-SLOT]
Currency : PHP
Attempt  : 1
==============================================
Currency selected: PHP
Currency validation PASS
Waiting for merchants to load for PHP
Merchant options found: 13
Merchants selected: 13 / 13
All merchants selected successfully for PHP
Provider selected successfully: CLOTPLAY-SLOT [CLOTPLAY-SLOT]
Start date validation PASS
End date validation PASS
Remark validation PASS

======================================
VALIDATING BEFORE SAVE
Provider : CLOTPLAY-SLOT [CLOTPLAY-SLOT]
Currency : PHP
Start    : 2026-09-10 09:00:00
End      : 2026-09-10 10:00:00
Remark   : Provider is on maintenance
======================================

========== VALIDATION START ==========
Provider Validation | Expected: CLOTPLAY-SLOT [CLOTPLAY-SLOT] | Actual: CLOTPLAY-SLOT [CLOTPLAY-SLOT] | Result: PASS
Start Date Validation | Expected: 2026-09-10 09:00:00 | Actual: 2026-09-10 09:00:00 | Result: PASS
End Date Validation | Expected: 2026-09-10 10:00:00 | Actual: 2026-09-10 10:00:00 | Result: PASS
Remark Validation | Expected: Provider is on maintenance | Actual: Provider is on maintenance | Result: PASS
--------------------------------------
ALL VALIDATIONS PASSED
========== VALIDATION END ============

ALL VALIDATIONS PASSED
Waiting for AJAX processing...
AJAX processing completed.
Save button found.
Save button clicked.

======================================
SUBMIT SUCCESSFUL
Provider : CLOTPLAY-SLOT [CLOTPLAY-SLOT]
Currency : PHP
======================================
RESULT WRITTEN: CLOTPLAY-SLOT [CLOTPLAY-SLOT] | PHP | PASS
Modal Cancel clicked.
Fresh Add Notification modal opened.

==============================================
Provider : CLOTPLAY-SLOT [CLOTPLAY-SLOT]
Currency : MMK
Attempt  : 1
==============================================
Currency selected: MMK
Currency validation PASS
Waiting for merchants to load for MMK
Merchant options found: 2
Merchants selected: 2 / 2
All merchants selected successfully for MMK
Provider selected successfully: CLOTPLAY-SLOT [CLOTPLAY-SLOT]
Start date validation PASS
End date validation PASS
Remark validation PASS

======================================
VALIDATING BEFORE SAVE
Provider : CLOTPLAY-SLOT [CLOTPLAY-SLOT]
Currency : MMK
Start    : 2026-09-10 09:00:00
End      : 2026-09-10 10:00:00
Remark   : Provider is on maintenance
======================================

========== VALIDATION START ==========
Provider Validation | Expected: CLOTPLAY-SLOT [CLOTPLAY-SLOT] | Actual: CLOTPLAY-SLOT [CLOTPLAY-SLOT] | Result: PASS
Start Date Validation | Expected: 2026-09-10 09:00:00 | Actual: 2026-09-10 09:00:00 | Result: PASS
End Date Validation | Expected: 2026-09-10 10:00:00 | Actual: 2026-09-10 10:00:00 | Result: PASS
Remark Validation | Expected: Provider is on maintenance | Actual: Provider is on maintenance | Result: PASS
--------------------------------------
ALL VALIDATIONS PASSED
========== VALIDATION END ============

ALL VALIDATIONS PASSED
Waiting for AJAX processing...
AJAX processing completed.
Save button found.
Save button clicked.

======================================
SUBMIT SUCCESSFUL
Provider : CLOTPLAY-SLOT [CLOTPLAY-SLOT]
Currency : MMK
======================================
RESULT WRITTEN: CLOTPLAY-SLOT [CLOTPLAY-SLOT] | MMK | PASS
Modal Cancel clicked.
Fresh Add Notification modal opened.

==============================================
Provider : CLOTPLAY-SLOT [CLOTPLAY-SLOT]
Currency : IDR
Attempt  : 1
==============================================
Currency selected: IDR
Currency validation PASS
Waiting for merchants to load for IDR
Merchant options found: 4
Merchants selected: 4 / 4
All merchants selected successfully for IDR
Provider selected successfully: CLOTPLAY-SLOT [CLOTPLAY-SLOT]
Start date validation PASS
End date validation PASS
Remark validation PASS

======================================
VALIDATING BEFORE SAVE
Provider : CLOTPLAY-SLOT [CLOTPLAY-SLOT]
Currency : IDR
Start    : 2026-09-10 09:00:00
End      : 2026-09-10 10:00:00
Remark   : Provider is on maintenance
======================================

========== VALIDATION START ==========
Provider Validation | Expected: CLOTPLAY-SLOT [CLOTPLAY-SLOT] | Actual: CLOTPLAY-SLOT [CLOTPLAY-SLOT] | Result: PASS
Start Date Validation | Expected: 2026-09-10 09:00:00 | Actual: 2026-09-10 09:00:00 | Result: PASS
End Date Validation | Expected: 2026-09-10 10:00:00 | Actual: 2026-09-10 10:00:00 | Result: PASS
Remark Validation | Expected: Provider is on maintenance | Actual: Provider is on maintenance | Result: PASS
--------------------------------------
ALL VALIDATIONS PASSED
========== VALIDATION END ============

ALL VALIDATIONS PASSED
Waiting for AJAX processing...
AJAX processing completed.
Save button found.
Save button clicked.

======================================
SUBMIT SUCCESSFUL
Provider : CLOTPLAY-SLOT [CLOTPLAY-SLOT]
Currency : IDR
======================================
RESULT WRITTEN: CLOTPLAY-SLOT [CLOTPLAY-SLOT] | IDR | PASS
Modal Cancel clicked.
Fresh Add Notification modal opened.

==============================================
Provider : CLOTPLAY-SLOT [CLOTPLAY-SLOT]
Currency : USD
Attempt  : 1
==============================================
Currency selected: USD
Currency validation PASS
Waiting for merchants to load for USD
Merchant options found: 5
Merchants selected: 5 / 5
All merchants selected successfully for USD
Provider selected successfully: CLOTPLAY-SLOT [CLOTPLAY-SLOT]
Start date validation PASS
End date validation PASS
Remark validation PASS

======================================
VALIDATING BEFORE SAVE
Provider : CLOTPLAY-SLOT [CLOTPLAY-SLOT]
Currency : USD
Start    : 2026-09-10 09:00:00
End      : 2026-09-10 10:00:00
Remark   : Provider is on maintenance
======================================

========== VALIDATION START ==========
Provider Validation | Expected: CLOTPLAY-SLOT [CLOTPLAY-SLOT] | Actual: CLOTPLAY-SLOT [CLOTPLAY-SLOT] | Result: PASS
Start Date Validation | Expected: 2026-09-10 09:00:00 | Actual: 2026-09-10 09:00:00 | Result: PASS
End Date Validation | Expected: 2026-09-10 10:00:00 | Actual: 2026-09-10 10:00:00 | Result: PASS
Remark Validation | Expected: Provider is on maintenance | Actual: Provider is on maintenance | Result: PASS
--------------------------------------
ALL VALIDATIONS PASSED
========== VALIDATION END ============

ALL VALIDATIONS PASSED
Waiting for AJAX processing...
AJAX processing completed.
Save button found.
Save button clicked.

======================================
SUBMIT SUCCESSFUL
Provider : CLOTPLAY-SLOT [CLOTPLAY-SLOT]
Currency : USD
======================================
RESULT WRITTEN: CLOTPLAY-SLOT [CLOTPLAY-SLOT] | USD | PASS
Modal Cancel clicked.
Fresh Add Notification modal opened.

==============================================
Provider : CLOTPLAY-SLOT [CLOTPLAY-SLOT]
Currency : VND
Attempt  : 1
==============================================
Currency selected: VND
Currency validation PASS
Waiting for merchants to load for VND
Merchant options found: 3
Merchants selected: 3 / 3
All merchants selected successfully for VND
Provider selected successfully: CLOTPLAY-SLOT [CLOTPLAY-SLOT]
Start date validation PASS
End date validation PASS
Remark validation PASS

======================================
VALIDATING BEFORE SAVE
Provider : CLOTPLAY-SLOT [CLOTPLAY-SLOT]
Currency : VND
Start    : 2026-09-10 09:00:00
End      : 2026-09-10 10:00:00
Remark   : Provider is on maintenance
======================================

========== VALIDATION START ==========
Provider Validation | Expected: CLOTPLAY-SLOT [CLOTPLAY-SLOT] | Actual: CLOTPLAY-SLOT [CLOTPLAY-SLOT] | Result: PASS
Start Date Validation | Expected: 2026-09-10 09:00:00 | Actual: 2026-09-10 09:00:00 | Result: PASS
End Date Validation | Expected: 2026-09-10 10:00:00 | Actual: 2026-09-10 10:00:00 | Result: PASS
Remark Validation | Expected: Provider is on maintenance | Actual: Provider is on maintenance | Result: PASS
--------------------------------------
ALL VALIDATIONS PASSED
========== VALIDATION END ============

ALL VALIDATIONS PASSED
Waiting for AJAX processing...
AJAX processing completed.
Save button found.
Save button clicked.

======================================
SUBMIT SUCCESSFUL
Provider : CLOTPLAY-SLOT [CLOTPLAY-SLOT]
Currency : VND
======================================
RESULT WRITTEN: CLOTPLAY-SLOT [CLOTPLAY-SLOT] | VND | PASS
Modal Cancel clicked.
Fresh Add Notification modal opened.

==============================================
Provider : CLOTPLAY-SLOT [CLOTPLAY-SLOT]
Currency : LAK
Attempt  : 1
==============================================
Currency selected: LAK
Currency validation PASS
Waiting for merchants to load for LAK
Merchant options found: 2
Merchants selected: 2 / 2
All merchants selected successfully for LAK
Provider selected successfully: CLOTPLAY-SLOT [CLOTPLAY-SLOT]
Start date validation PASS
End date validation PASS
Remark validation PASS

======================================
VALIDATING BEFORE SAVE
Provider : CLOTPLAY-SLOT [CLOTPLAY-SLOT]
Currency : LAK
Start    : 2026-09-10 09:00:00
End      : 2026-09-10 10:00:00
Remark   : Provider is on maintenance
======================================

========== VALIDATION START ==========
Provider Validation | Expected: CLOTPLAY-SLOT [CLOTPLAY-SLOT] | Actual: CLOTPLAY-SLOT [CLOTPLAY-SLOT] | Result: PASS
Start Date Validation | Expected: 2026-09-10 09:00:00 | Actual: 2026-09-10 09:00:00 | Result: PASS
End Date Validation | Expected: 2026-09-10 10:00:00 | Actual: 2026-09-10 10:00:00 | Result: PASS
Remark Validation | Expected: Provider is on maintenance | Actual: Provider is on maintenance | Result: PASS
--------------------------------------
ALL VALIDATIONS PASSED
========== VALIDATION END ============

ALL VALIDATIONS PASSED
Waiting for AJAX processing...
AJAX processing completed.
Save button found.
Save button clicked.

======================================
SUBMIT SUCCESSFUL
Provider : CLOTPLAY-SLOT [CLOTPLAY-SLOT]
Currency : LAK
======================================
RESULT WRITTEN: CLOTPLAY-SLOT [CLOTPLAY-SLOT] | LAK | PASS
Modal Cancel clicked.
Fresh Add Notification modal opened.

==============================================
Provider : CLOTPLAY-SLOT [CLOTPLAY-SLOT]
Currency : TWD
Attempt  : 1
==============================================
Currency selected: TWD
Currency validation PASS
Waiting for merchants to load for TWD
Merchant options found: 2
Merchants selected: 2 / 2
All merchants selected successfully for TWD
Provider selected successfully: CLOTPLAY-SLOT [CLOTPLAY-SLOT]
Start date validation PASS
End date validation PASS
Remark validation PASS

======================================
VALIDATING BEFORE SAVE
Provider : CLOTPLAY-SLOT [CLOTPLAY-SLOT]
Currency : TWD
Start    : 2026-09-10 09:00:00
End      : 2026-09-10 10:00:00
Remark   : Provider is on maintenance
======================================

========== VALIDATION START ==========
Provider Validation | Expected: CLOTPLAY-SLOT [CLOTPLAY-SLOT] | Actual: CLOTPLAY-SLOT [CLOTPLAY-SLOT] | Result: PASS
Start Date Validation | Expected: 2026-09-10 09:00:00 | Actual: 2026-09-10 09:00:00 | Result: PASS
End Date Validation | Expected: 2026-09-10 10:00:00 | Actual: 2026-09-10 10:00:00 | Result: PASS
Remark Validation | Expected: Provider is on maintenance | Actual: Provider is on maintenance | Result: PASS
--------------------------------------
ALL VALIDATIONS PASSED
========== VALIDATION END ============

ALL VALIDATIONS PASSED
Waiting for AJAX processing...
AJAX processing completed.
Save button found.
Save button clicked.

======================================
SUBMIT SUCCESSFUL
Provider : CLOTPLAY-SLOT [CLOTPLAY-SLOT]
Currency : TWD
======================================
RESULT WRITTEN: CLOTPLAY-SLOT [CLOTPLAY-SLOT] | TWD | PASS
Modal Cancel clicked.
Fresh Add Notification modal opened.

==============================================
Provider : CLOTPLAY-SLOT [CLOTPLAY-SLOT]
Currency : PGK
Attempt  : 1
==============================================
Currency selected: PGK
Currency validation PASS
Waiting for merchants to load for PGK
Merchant options found: 3
Merchants selected: 3 / 3
All merchants selected successfully for PGK
Provider selected successfully: CLOTPLAY-SLOT [CLOTPLAY-SLOT]
Start date validation PASS
End date validation PASS
Remark validation PASS

======================================
VALIDATING BEFORE SAVE
Provider : CLOTPLAY-SLOT [CLOTPLAY-SLOT]
Currency : PGK
Start    : 2026-09-10 09:00:00
End      : 2026-09-10 10:00:00
Remark   : Provider is on maintenance
======================================

========== VALIDATION START ==========
Provider Validation | Expected: CLOTPLAY-SLOT [CLOTPLAY-SLOT] | Actual: CLOTPLAY-SLOT [CLOTPLAY-SLOT] | Result: PASS
Start Date Validation | Expected: 2026-09-10 09:00:00 | Actual: 2026-09-10 09:00:00 | Result: PASS
End Date Validation | Expected: 2026-09-10 10:00:00 | Actual: 2026-09-10 10:00:00 | Result: PASS
Remark Validation | Expected: Provider is on maintenance | Actual: Provider is on maintenance | Result: PASS
--------------------------------------
ALL VALIDATIONS PASSED
========== VALIDATION END ============

ALL VALIDATIONS PASSED
Waiting for AJAX processing...
AJAX processing completed.
Save button found.
Save button clicked.

======================================
SUBMIT SUCCESSFUL
Provider : CLOTPLAY-SLOT [CLOTPLAY-SLOT]
Currency : PGK
======================================
RESULT WRITTEN: CLOTPLAY-SLOT [CLOTPLAY-SLOT] | PGK | PASS
Modal Cancel clicked.
Fresh Add Notification modal opened.

==============================================
Provider : CLOTPLAY-SLOT [CLOTPLAY-SLOT]
Currency : LKR
Attempt  : 1
==============================================
Currency selected: LKR
Currency validation PASS
Waiting for merchants to load for LKR
Merchant options found: 1
Merchants selected: 1 / 1
All merchants selected successfully for LKR
Provider selected successfully: CLOTPLAY-SLOT [CLOTPLAY-SLOT]
Start date validation PASS
End date validation PASS
Remark validation PASS

======================================
VALIDATING BEFORE SAVE
Provider : CLOTPLAY-SLOT [CLOTPLAY-SLOT]
Currency : LKR
Start    : 2026-09-10 09:00:00
End      : 2026-09-10 10:00:00
Remark   : Provider is on maintenance
======================================

========== VALIDATION START ==========
Provider Validation | Expected: CLOTPLAY-SLOT [CLOTPLAY-SLOT] | Actual: CLOTPLAY-SLOT [CLOTPLAY-SLOT] | Result: PASS
Start Date Validation | Expected: 2026-09-10 09:00:00 | Actual: 2026-09-10 09:00:00 | Result: PASS
End Date Validation | Expected: 2026-09-10 10:00:00 | Actual: 2026-09-10 10:00:00 | Result: PASS
Remark Validation | Expected: Provider is on maintenance | Actual: Provider is on maintenance | Result: PASS
--------------------------------------
ALL VALIDATIONS PASSED
========== VALIDATION END ============

ALL VALIDATIONS PASSED
Waiting for AJAX processing...
AJAX processing completed.
Save button found.
Save button clicked.

======================================
SUBMIT SUCCESSFUL
Provider : CLOTPLAY-SLOT [CLOTPLAY-SLOT]
Currency : LKR
======================================
RESULT WRITTEN: CLOTPLAY-SLOT [CLOTPLAY-SLOT] | LKR | PASS
Modal Cancel clicked.
Last currency completed for provider: CLOTPLAY-SLOT [CLOTPLAY-SLOT]
No new modal will be opened.

==============================================
NORMAL CURRENCY PROCESSING COMPLETED
Provider : CLOTPLAY-SLOT [CLOTPLAY-SLOT]
No definite failed currencies.
==============================================

##############################################
PROVIDER COMPLETED
Provider : CLOTPLAY-SLOT [CLOTPLAY-SLOT]
##############################################
Blank provider row found.
Skipping Excel row.
Blank provider row found.
Skipping Excel row.
Blank provider row found.
Skipping Excel row.
Blank provider row found.
Skipping Excel row.
Blank provider row found.
Skipping Excel row.
Blank provider row found.
Skipping Excel row.
Blank provider row found.
Skipping Excel row.
Blank provider row found.
Skipping Excel row.
Blank provider row found.
Skipping Excel row.

==============================================
ALL EXCEL PROVIDERS COMPLETED
==============================================
[WARNING] thread Thread[#48,CompletableFutureDelayScheduler,5,com.framework.practice] was interrupted but is still alive after waiting at least 14998msecs
[WARNING] thread Thread[#48,CompletableFutureDelayScheduler,5,com.framework.practice] will linger despite being asked to die via interruption
[WARNING] thread Thread[#66,UrlChecker-3,5,com.framework.practice] will linger despite being asked to die via interruption
[WARNING] NOTE: 2 thread(s) did not finish despite being asked to via interruption. This is not a problem with exec:java, it is a problem with the running code. Although not serious, it should be remedied.
[INFO] ------------------------------------------------------------------------
[INFO] BUILD SUCCESS
[INFO] ------------------------------------------------------------------------
[INFO] Total time:  21:33 min
[INFO] Finished at: 2026-09-09T17:26:22+05:30
[INFO] ------------------------------------------------------------------------
 
Automation Exit Code: 0 
Automation Finished: Wed 09/09/2026 17:26:22.29 
========================================== 
