========================================== 
Automation Started: Thu 09/10/2026  9:30:20.48 
Project Directory: C:\Users\Akashkumar\Desktop\vs code\.vscode\selenium\maintenance 
========================================== 
 
[1] Java Version 
java version "21.0.9" 2025-10-21 LTS
Java(TM) SE Runtime Environment (build 21.0.9+7-LTS-338)
Java HotSpot(TM) 64-Bit Server VM (build 21.0.9+7-LTS-338, mixed mode, sharing)
 
[2] Maven Version 
Apache Maven 3.9.12 (848fbb4bf2d427b72bdb2471c22fced7ebd9a7a1)
Maven home: C:\Tools\apache-maven\apache-maven-3.9.12
Java version: 21.0.9, vendor: Oracle Corporation, runtime: C:\Program Files\Java\jdk-21
Default locale: en_US, platform encoding: UTF-8
OS name: "windows 11", version: "10.0", arch: "amd64", family: "windows"
 
[3] Maven Clean Compile 
[INFO] Scanning for projects...
[INFO] 
[INFO] ------------------------< com.example:selenium >------------------------
[INFO] Building selenium 1.0-SNAPSHOT
[INFO]   from pom.xml
[INFO] --------------------------------[ jar ]---------------------------------
[INFO] 
[INFO] --- clean:3.2.0:clean (default-clean) @ selenium ---
[INFO] Deleting C:\Users\Akashkumar\Desktop\vs code\.vscode\selenium\maintenance\target
[INFO] 
[INFO] --- resources:3.3.1:resources (default-resources) @ selenium ---
[INFO] skip non existing resourceDirectory C:\Users\Akashkumar\Desktop\vs code\.vscode\selenium\maintenance\src\main\resources
[INFO] 
[INFO] --- compiler:3.13.0:compile (default-compile) @ selenium ---
[INFO] Recompiling the module because of changed source code.
[INFO] Compiling 7 source files with javac [debug target 21] to target\classes
[INFO] ------------------------------------------------------------------------
[INFO] BUILD SUCCESS
[INFO] ------------------------------------------------------------------------
[INFO] Total time:  3.135 s
[INFO] Finished at: 2026-09-10T09:30:26+05:30
[INFO] ------------------------------------------------------------------------
Compile Exit Code: 0 
 
[4] Starting Selenium Automation 
[INFO] Scanning for projects...
Downloading from central: https://repo.maven.apache.org/maven2/org/apache/maven/plugins/maven-metadata.xml
Downloading from central: https://repo.maven.apache.org/maven2/org/codehaus/mojo/maven-metadata.xml
Progress (1): 3.9 kBProgress (1): 7.7 kBProgress (1): 10 kB Progress (2): 10 kB | 3.7 kBProgress (2): 10 kB | 7.5 kBProgress (2): 10 kB | 13 kB Progress (2): 10 kB | 19 kBProgress (2): 10 kB | 20 kB                           Downloaded from central: https://repo.maven.apache.org/maven2/org/apache/maven/plugins/maven-metadata.xml (10 kB at 15 kB/s)
Downloaded from central: https://repo.maven.apache.org/maven2/org/codehaus/mojo/maven-metadata.xml (20 kB at 30 kB/s)
[INFO] 
[INFO] ------------------------< com.example:selenium >------------------------
[INFO] Building selenium 1.0-SNAPSHOT
[INFO]   from pom.xml
[INFO] --------------------------------[ jar ]---------------------------------
[INFO] 
[INFO] --- exec:3.5.0:java (default-cli) @ selenium ---
ERROR StatusLogger Log4j2 could not find a logging implementation. Please add log4j-core to the classpath. Using SimpleLogger to log to the console...
Total Rows : 12
Sep 10, 2026 9:30:51 AM org.openqa.selenium.devtools.CdpVersionFinder findNearestMatch
WARNING: Unable to find CDP implementation matching 153
Sep 10, 2026 9:30:51 AM org.openqa.selenium.chromium.ChromiumDriver lambda$new$4
WARNING: Unable to find version of CDP to use for 153.0.8010.36. You may need to include a dependency on a specific version of the CDP using something similar to `org.seleniumhq.selenium:selenium-devtools-v86:4.34.0` where the version ("v86") matches the version of the chromium-based browser you're using and the version number of the artifact is the same as Selenium's.
^C========================================== 
Automation Started: Thu 09/10/2026 16:41:25.21 
Project Directory: C:\Users\Akashkumar\Desktop\vs code\.vscode\selenium\maintenance 
========================================== 
 
[1] Java Version 
java version "21.0.9" 2025-10-21 LTS
Java(TM) SE Runtime Environment (build 21.0.9+7-LTS-338)
Java HotSpot(TM) 64-Bit Server VM (build 21.0.9+7-LTS-338, mixed mode, sharing)
 
[2] Maven Version 
Apache Maven 3.9.12 (848fbb4bf2d427b72bdb2471c22fced7ebd9a7a1)
Maven home: C:\Tools\apache-maven\apache-maven-3.9.12
Java version: 21.0.9, vendor: Oracle Corporation, runtime: C:\Program Files\Java\jdk-21
Default locale: en_US, platform encoding: UTF-8
OS name: "windows 11", version: "10.0", arch: "amd64", family: "windows"
 
[3] Maven Clean Compile 
[INFO] Scanning for projects...
[INFO] 
[INFO] ------------------------< com.example:selenium >------------------------
[INFO] Building selenium 1.0-SNAPSHOT
[INFO]   from pom.xml
[INFO] --------------------------------[ jar ]---------------------------------
[INFO] 
[INFO] --- clean:3.2.0:clean (default-clean) @ selenium ---
[INFO] Deleting C:\Users\Akashkumar\Desktop\vs code\.vscode\selenium\maintenance\target
[INFO] 
[INFO] --- resources:3.3.1:resources (default-resources) @ selenium ---
[INFO] skip non existing resourceDirectory C:\Users\Akashkumar\Desktop\vs code\.vscode\selenium\maintenance\src\main\resources
[INFO] 
[INFO] --- compiler:3.13.0:compile (default-compile) @ selenium ---
[INFO] Recompiling the module because of changed source code.
[INFO] Compiling 7 source files with javac [debug target 21] to target\classes
[INFO] ------------------------------------------------------------------------
[INFO] BUILD SUCCESS
[INFO] ------------------------------------------------------------------------
[INFO] Total time:  5.242 s
[INFO] Finished at: 2026-09-10T16:41:35+05:30
[INFO] ------------------------------------------------------------------------
Compile Exit Code: 0 
 
[4] Starting Selenium Automation 
[INFO] Scanning for projects...
[INFO] 
[INFO] ------------------------< com.example:selenium >------------------------
[INFO] Building selenium 1.0-SNAPSHOT
[INFO]   from pom.xml
[INFO] --------------------------------[ jar ]---------------------------------
[INFO] 
[INFO] --- exec:3.5.0:java (default-cli) @ selenium ---
ERROR StatusLogger Log4j2 could not find a logging implementation. Please add log4j-core to the classpath. Using SimpleLogger to log to the console...
Total Rows : 12
Sep 10, 2026 4:41:45 PM org.openqa.selenium.devtools.CdpVersionFinder findNearestMatch
WARNING: Unable to find CDP implementation matching 153
Sep 10, 2026 4:41:45 PM org.openqa.selenium.chromium.ChromiumDriver lambda$new$4
WARNING: Unable to find version of CDP to use for 153.0.8010.36. You may need to include a dependency on a specific version of the CDP using something similar to `org.seleniumhq.selenium:selenium-devtools-v86:4.34.0` where the version ("v86") matches the version of the chromium-based browser you're using and the version number of the artifact is the same as Selenium's.
Login successful.
System Notification opened.

##############################################
STARTING PROVIDER
Provider : BOOONGO [BNG]
Start    : 2026-09-11 03:00:00
End      : 2026-09-11 04:00:00
Remark   : Provider is on maintenance
##############################################
Fresh Add Notification modal opened.
Currencies available: [THB, BDT, INR, PKR, SGD, AUD, HKD, MYR, NPR, PHP, MMK, IDR, USD, VND, LAK, TWD, PGK, LKR]

==============================================
Provider : BOOONGO [BNG]
Currency : THB
Attempt  : 1
==============================================
Currency selected: THB
Currency validation PASS
Waiting for merchants to load for THB
Merchant options found: 34
Merchants selected: 34 / 34
All merchants selected successfully for THB
Provider selected successfully: BOOONGO [BNG]
Start date validation PASS
End date validation PASS
Remark validation PASS

======================================
VALIDATING BEFORE SAVE
Provider : BOOONGO [BNG]
Currency : THB
Start    : 2026-09-11 03:00:00
End      : 2026-09-11 04:00:00
Remark   : Provider is on maintenance
======================================

========== VALIDATION START ==========
Provider Validation | Expected: BOOONGO [BNG] | Actual: BOOONGO [BNG] | Result: PASS
Start Date Validation | Expected: 2026-09-11 03:00:00 | Actual: 2026-09-11 03:00:00 | Result: PASS
End Date Validation | Expected: 2026-09-11 04:00:00 | Actual: 2026-09-11 04:00:00 | Result: PASS
Remark Validation | Expected: Provider is on maintenance | Actual: Provider is on maintenance | Result: PASS
--------------------------------------
ALL VALIDATIONS PASSED
========== VALIDATION END ============

ALL VALIDATIONS PASSED
Waiting for AJAX processing...
AJAX processing completed.
Save button found.
Save button clicked.

======================================
SUBMIT SUCCESSFUL
Provider : BOOONGO [BNG]
Currency : THB
======================================
RESULT WRITTEN: BOOONGO [BNG] | THB | PASS
Modal Cancel clicked.
Fresh Add Notification modal opened.

==============================================
Provider : BOOONGO [BNG]
Currency : BDT
Attempt  : 1
==============================================
Currency selected: BDT
Currency validation PASS
Waiting for merchants to load for BDT
Merchant options found: 11
Merchants selected: 11 / 11
All merchants selected successfully for BDT
Provider selected successfully: BOOONGO [BNG]
Start date validation PASS
End date validation PASS
Remark validation PASS

======================================
VALIDATING BEFORE SAVE
Provider : BOOONGO [BNG]
Currency : BDT
Start    : 2026-09-11 03:00:00
End      : 2026-09-11 04:00:00
Remark   : Provider is on maintenance
======================================

========== VALIDATION START ==========
Provider Validation | Expected: BOOONGO [BNG] | Actual: BOOONGO [BNG] | Result: PASS
Start Date Validation | Expected: 2026-09-11 03:00:00 | Actual: 2026-09-11 03:00:00 | Result: PASS
End Date Validation | Expected: 2026-09-11 04:00:00 | Actual: 2026-09-11 04:00:00 | Result: PASS
Remark Validation | Expected: Provider is on maintenance | Actual: Provider is on maintenance | Result: PASS
--------------------------------------
ALL VALIDATIONS PASSED
========== VALIDATION END ============

ALL VALIDATIONS PASSED
Waiting for AJAX processing...
AJAX processing completed.
Save button found.
Save button clicked.

======================================
SUBMIT SUCCESSFUL
Provider : BOOONGO [BNG]
Currency : BDT
======================================
RESULT WRITTEN: BOOONGO [BNG] | BDT | PASS
Modal Cancel clicked.
Fresh Add Notification modal opened.

==============================================
Provider : BOOONGO [BNG]
Currency : INR
Attempt  : 1
==============================================
Currency selected: INR
Currency validation PASS
Waiting for merchants to load for INR
Merchant options found: 5
Merchants selected: 5 / 5
All merchants selected successfully for INR
Provider selected successfully: BOOONGO [BNG]
Start date validation PASS
End date validation PASS
Remark validation PASS

======================================
VALIDATING BEFORE SAVE
Provider : BOOONGO [BNG]
Currency : INR
Start    : 2026-09-11 03:00:00
End      : 2026-09-11 04:00:00
Remark   : Provider is on maintenance
======================================

========== VALIDATION START ==========
Provider Validation | Expected: BOOONGO [BNG] | Actual: BOOONGO [BNG] | Result: PASS
Start Date Validation | Expected: 2026-09-11 03:00:00 | Actual: 2026-09-11 03:00:00 | Result: PASS
End Date Validation | Expected: 2026-09-11 04:00:00 | Actual: 2026-09-11 04:00:00 | Result: PASS
Remark Validation | Expected: Provider is on maintenance | Actual: Provider is on maintenance | Result: PASS
--------------------------------------
ALL VALIDATIONS PASSED
========== VALIDATION END ============

ALL VALIDATIONS PASSED
Waiting for AJAX processing...
AJAX processing completed.
Save button found.
Save button clicked.

======================================
SUBMIT SUCCESSFUL
Provider : BOOONGO [BNG]
Currency : INR
======================================
RESULT WRITTEN: BOOONGO [BNG] | INR | PASS
Modal Cancel clicked.
Fresh Add Notification modal opened.

==============================================
Provider : BOOONGO [BNG]
Currency : PKR
Attempt  : 1
==============================================
Currency selected: PKR
Currency validation PASS
Waiting for merchants to load for PKR
Merchant options found: 4
Merchants selected: 4 / 4
All merchants selected successfully for PKR
Provider selected successfully: BOOONGO [BNG]
Start date validation PASS
End date validation PASS
Remark validation PASS

======================================
VALIDATING BEFORE SAVE
Provider : BOOONGO [BNG]
Currency : PKR
Start    : 2026-09-11 03:00:00
End      : 2026-09-11 04:00:00
Remark   : Provider is on maintenance
======================================

========== VALIDATION START ==========
Provider Validation | Expected: BOOONGO [BNG] | Actual: BOOONGO [BNG] | Result: PASS
Start Date Validation | Expected: 2026-09-11 03:00:00 | Actual: 2026-09-11 03:00:00 | Result: PASS
End Date Validation | Expected: 2026-09-11 04:00:00 | Actual: 2026-09-11 04:00:00 | Result: PASS
Remark Validation | Expected: Provider is on maintenance | Actual: Provider is on maintenance | Result: PASS
--------------------------------------
ALL VALIDATIONS PASSED
========== VALIDATION END ============

ALL VALIDATIONS PASSED
Waiting for AJAX processing...
AJAX processing completed.
Save button found.
Save button clicked.

======================================
SUBMIT SUCCESSFUL
Provider : BOOONGO [BNG]
Currency : PKR
======================================
RESULT WRITTEN: BOOONGO [BNG] | PKR | PASS
Modal Cancel clicked.
Fresh Add Notification modal opened.

==============================================
Provider : BOOONGO [BNG]
Currency : SGD
Attempt  : 1
==============================================
Currency selected: SGD
Currency validation PASS
Waiting for merchants to load for SGD
Merchant options found: 9
Merchants selected: 9 / 9
All merchants selected successfully for SGD
Provider selected successfully: BOOONGO [BNG]
Start date validation PASS
End date validation PASS
Remark validation PASS

======================================
VALIDATING BEFORE SAVE
Provider : BOOONGO [BNG]
Currency : SGD
Start    : 2026-09-11 03:00:00
End      : 2026-09-11 04:00:00
Remark   : Provider is on maintenance
======================================

========== VALIDATION START ==========
Provider Validation | Expected: BOOONGO [BNG] | Actual: BOOONGO [BNG] | Result: PASS
Start Date Validation | Expected: 2026-09-11 03:00:00 | Actual: 2026-09-11 03:00:00 | Result: PASS
End Date Validation | Expected: 2026-09-11 04:00:00 | Actual: 2026-09-11 04:00:00 | Result: PASS
Remark Validation | Expected: Provider is on maintenance | Actual: Provider is on maintenance | Result: PASS
--------------------------------------
ALL VALIDATIONS PASSED
========== VALIDATION END ============

ALL VALIDATIONS PASSED
Waiting for AJAX processing...
AJAX processing completed.
Save button found.
Save button clicked.

======================================
SUBMIT SUCCESSFUL
Provider : BOOONGO [BNG]
Currency : SGD
======================================
RESULT WRITTEN: BOOONGO [BNG] | SGD | PASS
Modal Cancel clicked.
Fresh Add Notification modal opened.

==============================================
Provider : BOOONGO [BNG]
Currency : AUD
Attempt  : 1
==============================================
Currency selected: AUD
Currency validation PASS
Waiting for merchants to load for AUD
Merchant options found: 25
Merchants selected: 25 / 25
All merchants selected successfully for AUD
Provider selected successfully: BOOONGO [BNG]
Start date validation PASS
End date validation PASS
Remark validation PASS

======================================
VALIDATING BEFORE SAVE
Provider : BOOONGO [BNG]
Currency : AUD
Start    : 2026-09-11 03:00:00
End      : 2026-09-11 04:00:00
Remark   : Provider is on maintenance
======================================

========== VALIDATION START ==========
Provider Validation | Expected: BOOONGO [BNG] | Actual: BOOONGO [BNG] | Result: PASS
Start Date Validation | Expected: 2026-09-11 03:00:00 | Actual: 2026-09-11 03:00:00 | Result: PASS
End Date Validation | Expected: 2026-09-11 04:00:00 | Actual: 2026-09-11 04:00:00 | Result: PASS
Remark Validation | Expected: Provider is on maintenance | Actual: Provider is on maintenance | Result: PASS
--------------------------------------
ALL VALIDATIONS PASSED
========== VALIDATION END ============

ALL VALIDATIONS PASSED
Waiting for AJAX processing...
AJAX processing completed.
Save button found.
Save button clicked.

======================================
SUBMIT SUCCESSFUL
Provider : BOOONGO [BNG]
Currency : AUD
======================================
RESULT WRITTEN: BOOONGO [BNG] | AUD | PASS
Modal Cancel clicked.
Fresh Add Notification modal opened.

==============================================
Provider : BOOONGO [BNG]
Currency : HKD
Attempt  : 1
==============================================
Currency selected: HKD
Currency validation PASS
Waiting for merchants to load for HKD
Merchant options found: 3
Merchants selected: 3 / 3
All merchants selected successfully for HKD
Provider selected successfully: BOOONGO [BNG]
Start date validation PASS
End date validation PASS
Remark validation PASS

======================================
VALIDATING BEFORE SAVE
Provider : BOOONGO [BNG]
Currency : HKD
Start    : 2026-09-11 03:00:00
End      : 2026-09-11 04:00:00
Remark   : Provider is on maintenance
======================================

========== VALIDATION START ==========
Provider Validation | Expected: BOOONGO [BNG] | Actual: BOOONGO [BNG] | Result: PASS
Start Date Validation | Expected: 2026-09-11 03:00:00 | Actual: 2026-09-11 03:00:00 | Result: PASS
End Date Validation | Expected: 2026-09-11 04:00:00 | Actual: 2026-09-11 04:00:00 | Result: PASS
Remark Validation | Expected: Provider is on maintenance | Actual: Provider is on maintenance | Result: PASS
--------------------------------------
ALL VALIDATIONS PASSED
========== VALIDATION END ============

ALL VALIDATIONS PASSED
Waiting for AJAX processing...
AJAX processing completed.
Save button found.
Save button clicked.

======================================
SUBMIT SUCCESSFUL
Provider : BOOONGO [BNG]
Currency : HKD
======================================
RESULT WRITTEN: BOOONGO [BNG] | HKD | PASS
Modal Cancel clicked.
Fresh Add Notification modal opened.

==============================================
Provider : BOOONGO [BNG]
Currency : MYR
Attempt  : 1
==============================================
Currency selected: MYR
Currency validation PASS
Waiting for merchants to load for MYR
Merchant options found: 22
Merchants selected: 22 / 22
All merchants selected successfully for MYR
Provider selected successfully: BOOONGO [BNG]
Start date validation PASS
End date validation PASS
Remark validation PASS

======================================
VALIDATING BEFORE SAVE
Provider : BOOONGO [BNG]
Currency : MYR
Start    : 2026-09-11 03:00:00
End      : 2026-09-11 04:00:00
Remark   : Provider is on maintenance
======================================

========== VALIDATION START ==========
Provider Validation | Expected: BOOONGO [BNG] | Actual: BOOONGO [BNG] | Result: PASS
Start Date Validation | Expected: 2026-09-11 03:00:00 | Actual: 2026-09-11 03:00:00 | Result: PASS
End Date Validation | Expected: 2026-09-11 04:00:00 | Actual: 2026-09-11 04:00:00 | Result: PASS
Remark Validation | Expected: Provider is on maintenance | Actual: Provider is on maintenance | Result: PASS
--------------------------------------
ALL VALIDATIONS PASSED
========== VALIDATION END ============

ALL VALIDATIONS PASSED
Waiting for AJAX processing...
AJAX processing completed.
Save button found.
Save button clicked.

======================================
SUBMIT SUCCESSFUL
Provider : BOOONGO [BNG]
Currency : MYR
======================================
RESULT WRITTEN: BOOONGO [BNG] | MYR | PASS
Modal Cancel clicked.
Fresh Add Notification modal opened.

==============================================
Provider : BOOONGO [BNG]
Currency : NPR
Attempt  : 1
==============================================
Currency selected: NPR
Currency validation PASS
Waiting for merchants to load for NPR
Merchant options found: 33
Merchants selected: 33 / 33
All merchants selected successfully for NPR
Provider selected successfully: BOOONGO [BNG]
Start date validation PASS
End date validation PASS
Remark validation PASS

======================================
VALIDATING BEFORE SAVE
Provider : BOOONGO [BNG]
Currency : NPR
Start    : 2026-09-11 03:00:00
End      : 2026-09-11 04:00:00
Remark   : Provider is on maintenance
======================================

========== VALIDATION START ==========
Provider Validation | Expected: BOOONGO [BNG] | Actual: BOOONGO [BNG] | Result: PASS
Start Date Validation | Expected: 2026-09-11 03:00:00 | Actual: 2026-09-11 03:00:00 | Result: PASS
End Date Validation | Expected: 2026-09-11 04:00:00 | Actual: 2026-09-11 04:00:00 | Result: PASS
Remark Validation | Expected: Provider is on maintenance | Actual: Provider is on maintenance | Result: PASS
--------------------------------------
ALL VALIDATIONS PASSED
========== VALIDATION END ============

ALL VALIDATIONS PASSED
Waiting for AJAX processing...
AJAX processing completed.
Save button found.
Save button clicked.

======================================
SUBMIT SUCCESSFUL
Provider : BOOONGO [BNG]
Currency : NPR
======================================
RESULT WRITTEN: BOOONGO [BNG] | NPR | PASS
Modal Cancel clicked.
Fresh Add Notification modal opened.

==============================================
Provider : BOOONGO [BNG]
Currency : PHP
Attempt  : 1
==============================================
Currency selected: PHP
Currency validation PASS
Waiting for merchants to load for PHP
Merchant options found: 13
Merchants selected: 13 / 13
All merchants selected successfully for PHP
Provider selected successfully: BOOONGO [BNG]
Start date validation PASS
End date validation PASS
Remark validation PASS

======================================
VALIDATING BEFORE SAVE
Provider : BOOONGO [BNG]
Currency : PHP
Start    : 2026-09-11 03:00:00
End      : 2026-09-11 04:00:00
Remark   : Provider is on maintenance
======================================

========== VALIDATION START ==========
Provider Validation | Expected: BOOONGO [BNG] | Actual: BOOONGO [BNG] | Result: PASS
Start Date Validation | Expected: 2026-09-11 03:00:00 | Actual: 2026-09-11 03:00:00 | Result: PASS
End Date Validation | Expected: 2026-09-11 04:00:00 | Actual: 2026-09-11 04:00:00 | Result: PASS
Remark Validation | Expected: Provider is on maintenance | Actual: Provider is on maintenance | Result: PASS
--------------------------------------
ALL VALIDATIONS PASSED
========== VALIDATION END ============

ALL VALIDATIONS PASSED
Waiting for AJAX processing...
AJAX processing completed.
Save button found.
Save button clicked.

======================================
SUBMIT SUCCESSFUL
Provider : BOOONGO [BNG]
Currency : PHP
======================================
RESULT WRITTEN: BOOONGO [BNG] | PHP | PASS
Modal Cancel clicked.
Fresh Add Notification modal opened.

==============================================
Provider : BOOONGO [BNG]
Currency : MMK
Attempt  : 1
==============================================
Currency selected: MMK
Currency validation PASS
Waiting for merchants to load for MMK
Merchant options found: 2
Merchants selected: 2 / 2
All merchants selected successfully for MMK
Provider selected successfully: BOOONGO [BNG]
Start date validation PASS
End date validation PASS
Remark validation PASS

======================================
VALIDATING BEFORE SAVE
Provider : BOOONGO [BNG]
Currency : MMK
Start    : 2026-09-11 03:00:00
End      : 2026-09-11 04:00:00
Remark   : Provider is on maintenance
======================================

========== VALIDATION START ==========
Provider Validation | Expected: BOOONGO [BNG] | Actual: BOOONGO [BNG] | Result: PASS
Start Date Validation | Expected: 2026-09-11 03:00:00 | Actual: 2026-09-11 03:00:00 | Result: PASS
End Date Validation | Expected: 2026-09-11 04:00:00 | Actual: 2026-09-11 04:00:00 | Result: PASS
Remark Validation | Expected: Provider is on maintenance | Actual: Provider is on maintenance | Result: PASS
--------------------------------------
ALL VALIDATIONS PASSED
========== VALIDATION END ============

ALL VALIDATIONS PASSED
Waiting for AJAX processing...
AJAX processing completed.
Save button found.
Save button clicked.

======================================
SUBMIT SUCCESSFUL
Provider : BOOONGO [BNG]
Currency : MMK
======================================
RESULT WRITTEN: BOOONGO [BNG] | MMK | PASS
Modal Cancel clicked.
Fresh Add Notification modal opened.

==============================================
Provider : BOOONGO [BNG]
Currency : IDR
Attempt  : 1
==============================================
Currency selected: IDR
Currency validation PASS
Waiting for merchants to load for IDR
Merchant options found: 4
Merchants selected: 4 / 4
All merchants selected successfully for IDR
Provider selected successfully: BOOONGO [BNG]
Start date validation PASS
End date validation PASS
Remark validation PASS

======================================
VALIDATING BEFORE SAVE
Provider : BOOONGO [BNG]
Currency : IDR
Start    : 2026-09-11 03:00:00
End      : 2026-09-11 04:00:00
Remark   : Provider is on maintenance
======================================

========== VALIDATION START ==========
Provider Validation | Expected: BOOONGO [BNG] | Actual: BOOONGO [BNG] | Result: PASS
Start Date Validation | Expected: 2026-09-11 03:00:00 | Actual: 2026-09-11 03:00:00 | Result: PASS
End Date Validation | Expected: 2026-09-11 04:00:00 | Actual: 2026-09-11 04:00:00 | Result: PASS
Remark Validation | Expected: Provider is on maintenance | Actual: Provider is on maintenance | Result: PASS
--------------------------------------
ALL VALIDATIONS PASSED
========== VALIDATION END ============

ALL VALIDATIONS PASSED
Waiting for AJAX processing...
AJAX processing completed.
Save button found.
Save button clicked.

======================================
SUBMIT SUCCESSFUL
Provider : BOOONGO [BNG]
Currency : IDR
======================================
RESULT WRITTEN: BOOONGO [BNG] | IDR | PASS
Modal Cancel clicked.
Fresh Add Notification modal opened.

==============================================
Provider : BOOONGO [BNG]
Currency : USD
Attempt  : 1
==============================================
Currency selected: USD
Currency validation PASS
Waiting for merchants to load for USD
Merchant options found: 5
Merchants selected: 5 / 5
All merchants selected successfully for USD
Provider selected successfully: BOOONGO [BNG]
Start date validation PASS
End date validation PASS
Remark validation PASS

======================================
VALIDATING BEFORE SAVE
Provider : BOOONGO [BNG]
Currency : USD
Start    : 2026-09-11 03:00:00
End      : 2026-09-11 04:00:00
Remark   : Provider is on maintenance
======================================

========== VALIDATION START ==========
Provider Validation | Expected: BOOONGO [BNG] | Actual: BOOONGO [BNG] | Result: PASS
Start Date Validation | Expected: 2026-09-11 03:00:00 | Actual: 2026-09-11 03:00:00 | Result: PASS
End Date Validation | Expected: 2026-09-11 04:00:00 | Actual: 2026-09-11 04:00:00 | Result: PASS
Remark Validation | Expected: Provider is on maintenance | Actual: Provider is on maintenance | Result: PASS
--------------------------------------
ALL VALIDATIONS PASSED
========== VALIDATION END ============

ALL VALIDATIONS PASSED
Waiting for AJAX processing...
AJAX processing completed.
Save button found.
Save button clicked.

======================================
SUBMIT SUCCESSFUL
Provider : BOOONGO [BNG]
Currency : USD
======================================
RESULT WRITTEN: BOOONGO [BNG] | USD | PASS
Modal Cancel clicked.
Fresh Add Notification modal opened.

==============================================
Provider : BOOONGO [BNG]
Currency : VND
Attempt  : 1
==============================================
Currency selected: VND
Currency validation PASS
Waiting for merchants to load for VND
Merchant options found: 3
Merchants selected: 3 / 3
All merchants selected successfully for VND
Provider selected successfully: BOOONGO [BNG]
Start date validation PASS
End date validation PASS
Remark validation PASS

======================================
VALIDATING BEFORE SAVE
Provider : BOOONGO [BNG]
Currency : VND
Start    : 2026-09-11 03:00:00
End      : 2026-09-11 04:00:00
Remark   : Provider is on maintenance
======================================

========== VALIDATION START ==========
Provider Validation | Expected: BOOONGO [BNG] | Actual: BOOONGO [BNG] | Result: PASS
Start Date Validation | Expected: 2026-09-11 03:00:00 | Actual: 2026-09-11 03:00:00 | Result: PASS
End Date Validation | Expected: 2026-09-11 04:00:00 | Actual: 2026-09-11 04:00:00 | Result: PASS
Remark Validation | Expected: Provider is on maintenance | Actual: Provider is on maintenance | Result: PASS
--------------------------------------
ALL VALIDATIONS PASSED
========== VALIDATION END ============

ALL VALIDATIONS PASSED
Waiting for AJAX processing...
AJAX processing completed.
Save button found.
Save button clicked.

======================================
SUBMIT SUCCESSFUL
Provider : BOOONGO [BNG]
Currency : VND
======================================
RESULT WRITTEN: BOOONGO [BNG] | VND | PASS
Modal Cancel clicked.
Fresh Add Notification modal opened.

==============================================
Provider : BOOONGO [BNG]
Currency : LAK
Attempt  : 1
==============================================
Currency selected: LAK
Currency validation PASS
Waiting for merchants to load for LAK
Merchant options found: 2
Merchants selected: 2 / 2
All merchants selected successfully for LAK
Provider selected successfully: BOOONGO [BNG]
Start date validation PASS
End date validation PASS
Remark validation PASS

======================================
VALIDATING BEFORE SAVE
Provider : BOOONGO [BNG]
Currency : LAK
Start    : 2026-09-11 03:00:00
End      : 2026-09-11 04:00:00
Remark   : Provider is on maintenance
======================================

========== VALIDATION START ==========
Provider Validation | Expected: BOOONGO [BNG] | Actual: BOOONGO [BNG] | Result: PASS
Start Date Validation | Expected: 2026-09-11 03:00:00 | Actual: 2026-09-11 03:00:00 | Result: PASS
End Date Validation | Expected: 2026-09-11 04:00:00 | Actual: 2026-09-11 04:00:00 | Result: PASS
Remark Validation | Expected: Provider is on maintenance | Actual: Provider is on maintenance | Result: PASS
--------------------------------------
ALL VALIDATIONS PASSED
========== VALIDATION END ============

ALL VALIDATIONS PASSED
Waiting for AJAX processing...
AJAX processing completed.
Save button found.
Save button clicked.

======================================
SUBMIT SUCCESSFUL
Provider : BOOONGO [BNG]
Currency : LAK
======================================
RESULT WRITTEN: BOOONGO [BNG] | LAK | PASS
Modal Cancel clicked.
Fresh Add Notification modal opened.

==============================================
Provider : BOOONGO [BNG]
Currency : TWD
Attempt  : 1
==============================================
Currency selected: TWD
Currency validation PASS
Waiting for merchants to load for TWD
Merchant options found: 2
Merchants selected: 2 / 2
All merchants selected successfully for TWD
Provider selected successfully: BOOONGO [BNG]
Start date validation PASS
End date validation PASS
Remark validation PASS

======================================
VALIDATING BEFORE SAVE
Provider : BOOONGO [BNG]
Currency : TWD
Start    : 2026-09-11 03:00:00
End      : 2026-09-11 04:00:00
Remark   : Provider is on maintenance
======================================

========== VALIDATION START ==========
Provider Validation | Expected: BOOONGO [BNG] | Actual: BOOONGO [BNG] | Result: PASS
Start Date Validation | Expected: 2026-09-11 03:00:00 | Actual: 2026-09-11 03:00:00 | Result: PASS
End Date Validation | Expected: 2026-09-11 04:00:00 | Actual: 2026-09-11 04:00:00 | Result: PASS
Remark Validation | Expected: Provider is on maintenance | Actual: Provider is on maintenance | Result: PASS
--------------------------------------
ALL VALIDATIONS PASSED
========== VALIDATION END ============

ALL VALIDATIONS PASSED
Waiting for AJAX processing...
AJAX processing completed.
Save button found.
Save button clicked.

======================================
SUBMIT SUCCESSFUL
Provider : BOOONGO [BNG]
Currency : TWD
======================================
RESULT WRITTEN: BOOONGO [BNG] | TWD | PASS
Modal Cancel clicked.
Fresh Add Notification modal opened.

==============================================
Provider : BOOONGO [BNG]
Currency : PGK
Attempt  : 1
==============================================
Currency selected: PGK
Currency validation PASS
Waiting for merchants to load for PGK
Merchant options found: 3
Merchants selected: 3 / 3
All merchants selected successfully for PGK
Provider selected successfully: BOOONGO [BNG]
Start date validation PASS
End date validation PASS
Remark validation PASS

======================================
VALIDATING BEFORE SAVE
Provider : BOOONGO [BNG]
Currency : PGK
Start    : 2026-09-11 03:00:00
End      : 2026-09-11 04:00:00
Remark   : Provider is on maintenance
======================================

========== VALIDATION START ==========
Provider Validation | Expected: BOOONGO [BNG] | Actual: BOOONGO [BNG] | Result: PASS
Start Date Validation | Expected: 2026-09-11 03:00:00 | Actual: 2026-09-11 03:00:00 | Result: PASS
End Date Validation | Expected: 2026-09-11 04:00:00 | Actual: 2026-09-11 04:00:00 | Result: PASS
Remark Validation | Expected: Provider is on maintenance | Actual: Provider is on maintenance | Result: PASS
--------------------------------------
ALL VALIDATIONS PASSED
========== VALIDATION END ============

ALL VALIDATIONS PASSED
Waiting for AJAX processing...
AJAX processing completed.
Save button found.
Save button clicked.

======================================
SUBMIT SUCCESSFUL
Provider : BOOONGO [BNG]
Currency : PGK
======================================
RESULT WRITTEN: BOOONGO [BNG] | PGK | PASS
Modal Cancel clicked.
Fresh Add Notification modal opened.

==============================================
Provider : BOOONGO [BNG]
Currency : LKR
Attempt  : 1
==============================================
Currency selected: LKR
Currency validation PASS
Waiting for merchants to load for LKR
Merchant options found: 1
Merchants selected: 1 / 1
All merchants selected successfully for LKR
Provider selected successfully: BOOONGO [BNG]
Start date validation PASS
End date validation PASS
Remark validation PASS

======================================
VALIDATING BEFORE SAVE
Provider : BOOONGO [BNG]
Currency : LKR
Start    : 2026-09-11 03:00:00
End      : 2026-09-11 04:00:00
Remark   : Provider is on maintenance
======================================

========== VALIDATION START ==========
Provider Validation | Expected: BOOONGO [BNG] | Actual: BOOONGO [BNG] | Result: PASS
Start Date Validation | Expected: 2026-09-11 03:00:00 | Actual: 2026-09-11 03:00:00 | Result: PASS
End Date Validation | Expected: 2026-09-11 04:00:00 | Actual: 2026-09-11 04:00:00 | Result: PASS
Remark Validation | Expected: Provider is on maintenance | Actual: Provider is on maintenance | Result: PASS
--------------------------------------
ALL VALIDATIONS PASSED
========== VALIDATION END ============

ALL VALIDATIONS PASSED
Waiting for AJAX processing...
AJAX processing completed.
Save button found.
Save button clicked.

======================================
SUBMIT SUCCESSFUL
Provider : BOOONGO [BNG]
Currency : LKR
======================================
RESULT WRITTEN: BOOONGO [BNG] | LKR | PASS
Modal Cancel clicked.
Last currency completed for provider: BOOONGO [BNG]
No new modal will be opened.

==============================================
NORMAL CURRENCY PROCESSING COMPLETED
Provider : BOOONGO [BNG]
No definite failed currencies.
==============================================

##############################################
PROVIDER COMPLETED
Provider : BOOONGO [BNG]
##############################################

##############################################
STARTING PROVIDER
Provider : BOOONGOV2 [BOOONGO]
Start    : 2026-09-11 03:00:00
End      : 2026-09-11 04:00:00
Remark   : Provider is on maintenance
##############################################
Fresh Add Notification modal opened.
Currencies available: [THB, BDT, INR, PKR, SGD, AUD, HKD, MYR, NPR, PHP, MMK, IDR, USD, VND, LAK, TWD, PGK, LKR]

==============================================
Provider : BOOONGOV2 [BOOONGO]
Currency : THB
Attempt  : 1
==============================================
Currency selected: THB
Currency validation PASS
Waiting for merchants to load for THB
Merchant options found: 34
Merchants selected: 34 / 34
All merchants selected successfully for THB
Provider selected successfully: BOOONGOV2 [BOOONGO]
Start date validation PASS
End date validation PASS
Remark validation PASS

======================================
VALIDATING BEFORE SAVE
Provider : BOOONGOV2 [BOOONGO]
Currency : THB
Start    : 2026-09-11 03:00:00
End      : 2026-09-11 04:00:00
Remark   : Provider is on maintenance
======================================

========== VALIDATION START ==========
Provider Validation | Expected: BOOONGOV2 [BOOONGO] | Actual: BOOONGOV2 [BOOONGO] | Result: PASS
Start Date Validation | Expected: 2026-09-11 03:00:00 | Actual: 2026-09-11 03:00:00 | Result: PASS
End Date Validation | Expected: 2026-09-11 04:00:00 | Actual: 2026-09-11 04:00:00 | Result: PASS
Remark Validation | Expected: Provider is on maintenance | Actual: Provider is on maintenance | Result: PASS
--------------------------------------
ALL VALIDATIONS PASSED
========== VALIDATION END ============

ALL VALIDATIONS PASSED
Waiting for AJAX processing...
AJAX processing completed.
Save button found.
Save button clicked.

======================================
SUBMIT SUCCESSFUL
Provider : BOOONGOV2 [BOOONGO]
Currency : THB
======================================
RESULT WRITTEN: BOOONGOV2 [BOOONGO] | THB | PASS
Modal Cancel clicked.
Fresh Add Notification modal opened.

==============================================
Provider : BOOONGOV2 [BOOONGO]
Currency : BDT
Attempt  : 1
==============================================
Currency selected: BDT
Currency validation PASS
Waiting for merchants to load for BDT
Merchant options found: 11
Merchants selected: 11 / 11
All merchants selected successfully for BDT
Provider selected successfully: BOOONGOV2 [BOOONGO]
Start date validation PASS
End date validation PASS
Remark validation PASS

======================================
VALIDATING BEFORE SAVE
Provider : BOOONGOV2 [BOOONGO]
Currency : BDT
Start    : 2026-09-11 03:00:00
End      : 2026-09-11 04:00:00
Remark   : Provider is on maintenance
======================================

========== VALIDATION START ==========
Provider Validation | Expected: BOOONGOV2 [BOOONGO] | Actual: BOOONGOV2 [BOOONGO] | Result: PASS
Start Date Validation | Expected: 2026-09-11 03:00:00 | Actual: 2026-09-11 03:00:00 | Result: PASS
End Date Validation | Expected: 2026-09-11 04:00:00 | Actual: 2026-09-11 04:00:00 | Result: PASS
Remark Validation | Expected: Provider is on maintenance | Actual: Provider is on maintenance | Result: PASS
--------------------------------------
ALL VALIDATIONS PASSED
========== VALIDATION END ============

ALL VALIDATIONS PASSED
Waiting for AJAX processing...
AJAX processing completed.
Save button found.
Save button clicked.

======================================
SUBMIT SUCCESSFUL
Provider : BOOONGOV2 [BOOONGO]
Currency : BDT
======================================
RESULT WRITTEN: BOOONGOV2 [BOOONGO] | BDT | PASS
Modal Cancel clicked.
Fresh Add Notification modal opened.

==============================================
Provider : BOOONGOV2 [BOOONGO]
Currency : INR
Attempt  : 1
==============================================
Currency selected: INR
Currency validation PASS
Waiting for merchants to load for INR
Merchant options found: 5
Merchants selected: 5 / 5
All merchants selected successfully for INR
Provider selected successfully: BOOONGOV2 [BOOONGO]
Start date validation PASS
End date validation PASS
Remark validation PASS

======================================
VALIDATING BEFORE SAVE
Provider : BOOONGOV2 [BOOONGO]
Currency : INR
Start    : 2026-09-11 03:00:00
End      : 2026-09-11 04:00:00
Remark   : Provider is on maintenance
======================================

========== VALIDATION START ==========
Provider Validation | Expected: BOOONGOV2 [BOOONGO] | Actual: BOOONGOV2 [BOOONGO] | Result: PASS
Start Date Validation | Expected: 2026-09-11 03:00:00 | Actual: 2026-09-11 03:00:00 | Result: PASS
End Date Validation | Expected: 2026-09-11 04:00:00 | Actual: 2026-09-11 04:00:00 | Result: PASS
Remark Validation | Expected: Provider is on maintenance | Actual: Provider is on maintenance | Result: PASS
--------------------------------------
ALL VALIDATIONS PASSED
========== VALIDATION END ============

ALL VALIDATIONS PASSED
Waiting for AJAX processing...
AJAX processing completed.
Save button found.
Save button clicked.

======================================
SUBMIT SUCCESSFUL
Provider : BOOONGOV2 [BOOONGO]
Currency : INR
======================================
RESULT WRITTEN: BOOONGOV2 [BOOONGO] | INR | PASS
Modal Cancel clicked.
Fresh Add Notification modal opened.

==============================================
Provider : BOOONGOV2 [BOOONGO]
Currency : PKR
Attempt  : 1
==============================================
Currency selected: PKR
Currency validation PASS
Waiting for merchants to load for PKR
Merchant options found: 4
Merchants selected: 4 / 4
All merchants selected successfully for PKR
Provider selected successfully: BOOONGOV2 [BOOONGO]
Start date validation PASS
End date validation PASS
Remark validation PASS

======================================
VALIDATING BEFORE SAVE
Provider : BOOONGOV2 [BOOONGO]
Currency : PKR
Start    : 2026-09-11 03:00:00
End      : 2026-09-11 04:00:00
Remark   : Provider is on maintenance
======================================

========== VALIDATION START ==========
Provider Validation | Expected: BOOONGOV2 [BOOONGO] | Actual: BOOONGOV2 [BOOONGO] | Result: PASS
Start Date Validation | Expected: 2026-09-11 03:00:00 | Actual: 2026-09-11 03:00:00 | Result: PASS
End Date Validation | Expected: 2026-09-11 04:00:00 | Actual: 2026-09-11 04:00:00 | Result: PASS
Remark Validation | Expected: Provider is on maintenance | Actual: Provider is on maintenance | Result: PASS
--------------------------------------
ALL VALIDATIONS PASSED
========== VALIDATION END ============

ALL VALIDATIONS PASSED
Waiting for AJAX processing...
AJAX processing completed.
Save button found.
Save button clicked.

======================================
SUBMIT SUCCESSFUL
Provider : BOOONGOV2 [BOOONGO]
Currency : PKR
======================================
RESULT WRITTEN: BOOONGOV2 [BOOONGO] | PKR | PASS
Modal Cancel clicked.
Fresh Add Notification modal opened.

==============================================
Provider : BOOONGOV2 [BOOONGO]
Currency : SGD
Attempt  : 1
==============================================
Currency selected: SGD
Currency validation PASS
Waiting for merchants to load for SGD
Merchant options found: 9
Merchants selected: 9 / 9
All merchants selected successfully for SGD
Provider selected successfully: BOOONGOV2 [BOOONGO]
Start date validation PASS
End date validation PASS
Remark validation PASS

======================================
VALIDATING BEFORE SAVE
Provider : BOOONGOV2 [BOOONGO]
Currency : SGD
Start    : 2026-09-11 03:00:00
End      : 2026-09-11 04:00:00
Remark   : Provider is on maintenance
======================================

========== VALIDATION START ==========
Provider Validation | Expected: BOOONGOV2 [BOOONGO] | Actual: BOOONGOV2 [BOOONGO] | Result: PASS
Start Date Validation | Expected: 2026-09-11 03:00:00 | Actual: 2026-09-11 03:00:00 | Result: PASS
End Date Validation | Expected: 2026-09-11 04:00:00 | Actual: 2026-09-11 04:00:00 | Result: PASS
Remark Validation | Expected: Provider is on maintenance | Actual: Provider is on maintenance | Result: PASS
--------------------------------------
ALL VALIDATIONS PASSED
========== VALIDATION END ============

ALL VALIDATIONS PASSED
Waiting for AJAX processing...
AJAX processing completed.
Save button found.
Save button clicked.

======================================
SUBMIT SUCCESSFUL
Provider : BOOONGOV2 [BOOONGO]
Currency : SGD
======================================
RESULT WRITTEN: BOOONGOV2 [BOOONGO] | SGD | PASS
Modal Cancel clicked.
Fresh Add Notification modal opened.

==============================================
Provider : BOOONGOV2 [BOOONGO]
Currency : AUD
Attempt  : 1
==============================================
Currency selected: AUD
Currency validation PASS
Waiting for merchants to load for AUD
Merchant options found: 25
Merchants selected: 25 / 25
All merchants selected successfully for AUD
Provider selected successfully: BOOONGOV2 [BOOONGO]
Start date validation PASS
End date validation PASS
Remark validation PASS

======================================
VALIDATING BEFORE SAVE
Provider : BOOONGOV2 [BOOONGO]
Currency : AUD
Start    : 2026-09-11 03:00:00
End      : 2026-09-11 04:00:00
Remark   : Provider is on maintenance
======================================

========== VALIDATION START ==========
Provider Validation | Expected: BOOONGOV2 [BOOONGO] | Actual: BOOONGOV2 [BOOONGO] | Result: PASS
Start Date Validation | Expected: 2026-09-11 03:00:00 | Actual: 2026-09-11 03:00:00 | Result: PASS
End Date Validation | Expected: 2026-09-11 04:00:00 | Actual: 2026-09-11 04:00:00 | Result: PASS
Remark Validation | Expected: Provider is on maintenance | Actual: Provider is on maintenance | Result: PASS
--------------------------------------
ALL VALIDATIONS PASSED
========== VALIDATION END ============

ALL VALIDATIONS PASSED
Waiting for AJAX processing...
AJAX processing completed.
Save button found.
Save button clicked.

======================================
SUBMIT SUCCESSFUL
Provider : BOOONGOV2 [BOOONGO]
Currency : AUD
======================================
RESULT WRITTEN: BOOONGOV2 [BOOONGO] | AUD | PASS
Modal Cancel clicked.
Fresh Add Notification modal opened.

==============================================
Provider : BOOONGOV2 [BOOONGO]
Currency : HKD
Attempt  : 1
==============================================
Currency selected: HKD
Currency validation PASS
Waiting for merchants to load for HKD
Merchant options found: 3
Merchants selected: 3 / 3
All merchants selected successfully for HKD
Provider selected successfully: BOOONGOV2 [BOOONGO]
Start date validation PASS
End date validation PASS
Remark validation PASS

======================================
VALIDATING BEFORE SAVE
Provider : BOOONGOV2 [BOOONGO]
Currency : HKD
Start    : 2026-09-11 03:00:00
End      : 2026-09-11 04:00:00
Remark   : Provider is on maintenance
======================================

========== VALIDATION START ==========
Provider Validation | Expected: BOOONGOV2 [BOOONGO] | Actual: BOOONGOV2 [BOOONGO] | Result: PASS
Start Date Validation | Expected: 2026-09-11 03:00:00 | Actual: 2026-09-11 03:00:00 | Result: PASS
End Date Validation | Expected: 2026-09-11 04:00:00 | Actual: 2026-09-11 04:00:00 | Result: PASS
Remark Validation | Expected: Provider is on maintenance | Actual: Provider is on maintenance | Result: PASS
--------------------------------------
ALL VALIDATIONS PASSED
========== VALIDATION END ============

ALL VALIDATIONS PASSED
Waiting for AJAX processing...
AJAX processing completed.
Save button found.
Save button clicked.

======================================
SUBMIT SUCCESSFUL
Provider : BOOONGOV2 [BOOONGO]
Currency : HKD
======================================
RESULT WRITTEN: BOOONGOV2 [BOOONGO] | HKD | PASS
Modal Cancel clicked.
Fresh Add Notification modal opened.

==============================================
Provider : BOOONGOV2 [BOOONGO]
Currency : MYR
Attempt  : 1
==============================================
Currency selected: MYR
Currency validation PASS
Waiting for merchants to load for MYR
Merchant options found: 22
Merchants selected: 22 / 22
All merchants selected successfully for MYR
Provider selected successfully: BOOONGOV2 [BOOONGO]
Start date validation PASS
End date validation PASS
Remark validation PASS

======================================
VALIDATING BEFORE SAVE
Provider : BOOONGOV2 [BOOONGO]
Currency : MYR
Start    : 2026-09-11 03:00:00
End      : 2026-09-11 04:00:00
Remark   : Provider is on maintenance
======================================

========== VALIDATION START ==========
Provider Validation | Expected: BOOONGOV2 [BOOONGO] | Actual: BOOONGOV2 [BOOONGO] | Result: PASS
Start Date Validation | Expected: 2026-09-11 03:00:00 | Actual: 2026-09-11 03:00:00 | Result: PASS
End Date Validation | Expected: 2026-09-11 04:00:00 | Actual: 2026-09-11 04:00:00 | Result: PASS
Remark Validation | Expected: Provider is on maintenance | Actual: Provider is on maintenance | Result: PASS
--------------------------------------
ALL VALIDATIONS PASSED
========== VALIDATION END ============

ALL VALIDATIONS PASSED
Waiting for AJAX processing...
AJAX processing completed.
Save button found.
Save button clicked.

======================================
SUBMIT SUCCESSFUL
Provider : BOOONGOV2 [BOOONGO]
Currency : MYR
======================================
RESULT WRITTEN: BOOONGOV2 [BOOONGO] | MYR | PASS
Modal Cancel clicked.
Fresh Add Notification modal opened.

==============================================
Provider : BOOONGOV2 [BOOONGO]
Currency : NPR
Attempt  : 1
==============================================
Currency selected: NPR
Currency validation PASS
Waiting for merchants to load for NPR
Merchant options found: 33
Merchants selected: 33 / 33
All merchants selected successfully for NPR
Provider selected successfully: BOOONGOV2 [BOOONGO]
Start date validation PASS
End date validation PASS
Remark validation PASS

======================================
VALIDATING BEFORE SAVE
Provider : BOOONGOV2 [BOOONGO]
Currency : NPR
Start    : 2026-09-11 03:00:00
End      : 2026-09-11 04:00:00
Remark   : Provider is on maintenance
======================================

========== VALIDATION START ==========
Provider Validation | Expected: BOOONGOV2 [BOOONGO] | Actual: BOOONGOV2 [BOOONGO] | Result: PASS
Start Date Validation | Expected: 2026-09-11 03:00:00 | Actual: 2026-09-11 03:00:00 | Result: PASS
End Date Validation | Expected: 2026-09-11 04:00:00 | Actual: 2026-09-11 04:00:00 | Result: PASS
Remark Validation | Expected: Provider is on maintenance | Actual: Provider is on maintenance | Result: PASS
--------------------------------------
ALL VALIDATIONS PASSED
========== VALIDATION END ============

ALL VALIDATIONS PASSED
Waiting for AJAX processing...
AJAX processing completed.
Save button found.
Save button clicked.

======================================
SUBMIT SUCCESSFUL
Provider : BOOONGOV2 [BOOONGO]
Currency : NPR
======================================
RESULT WRITTEN: BOOONGOV2 [BOOONGO] | NPR | PASS
Modal Cancel clicked.
Fresh Add Notification modal opened.

==============================================
Provider : BOOONGOV2 [BOOONGO]
Currency : PHP
Attempt  : 1
==============================================
Currency selected: PHP
Currency validation PASS
Waiting for merchants to load for PHP
Merchant options found: 13
Merchants selected: 13 / 13
All merchants selected successfully for PHP
Provider selected successfully: BOOONGOV2 [BOOONGO]
Start date validation PASS
End date validation PASS
Remark validation PASS

======================================
VALIDATING BEFORE SAVE
Provider : BOOONGOV2 [BOOONGO]
Currency : PHP
Start    : 2026-09-11 03:00:00
End      : 2026-09-11 04:00:00
Remark   : Provider is on maintenance
======================================

========== VALIDATION START ==========
Provider Validation | Expected: BOOONGOV2 [BOOONGO] | Actual: BOOONGOV2 [BOOONGO] | Result: PASS
Start Date Validation | Expected: 2026-09-11 03:00:00 | Actual: 2026-09-11 03:00:00 | Result: PASS
End Date Validation | Expected: 2026-09-11 04:00:00 | Actual: 2026-09-11 04:00:00 | Result: PASS
Remark Validation | Expected: Provider is on maintenance | Actual: Provider is on maintenance | Result: PASS
--------------------------------------
ALL VALIDATIONS PASSED
========== VALIDATION END ============

ALL VALIDATIONS PASSED
Waiting for AJAX processing...
AJAX processing completed.
Save button found.
Save button clicked.

======================================
SUBMIT SUCCESSFUL
Provider : BOOONGOV2 [BOOONGO]
Currency : PHP
======================================
RESULT WRITTEN: BOOONGOV2 [BOOONGO] | PHP | PASS
Modal Cancel clicked.
Fresh Add Notification modal opened.

==============================================
Provider : BOOONGOV2 [BOOONGO]
Currency : MMK
Attempt  : 1
==============================================
Currency selected: MMK
Currency validation PASS
Waiting for merchants to load for MMK
Merchant options found: 2
Merchants selected: 2 / 2
All merchants selected successfully for MMK
Provider selected successfully: BOOONGOV2 [BOOONGO]
Start date validation PASS
End date validation PASS
Remark validation PASS

======================================
VALIDATING BEFORE SAVE
Provider : BOOONGOV2 [BOOONGO]
Currency : MMK
Start    : 2026-09-11 03:00:00
End      : 2026-09-11 04:00:00
Remark   : Provider is on maintenance
======================================

========== VALIDATION START ==========
Provider Validation | Expected: BOOONGOV2 [BOOONGO] | Actual: BOOONGOV2 [BOOONGO] | Result: PASS
Start Date Validation | Expected: 2026-09-11 03:00:00 | Actual: 2026-09-11 03:00:00 | Result: PASS
End Date Validation | Expected: 2026-09-11 04:00:00 | Actual: 2026-09-11 04:00:00 | Result: PASS
Remark Validation | Expected: Provider is on maintenance | Actual: Provider is on maintenance | Result: PASS
--------------------------------------
ALL VALIDATIONS PASSED
========== VALIDATION END ============

ALL VALIDATIONS PASSED
Waiting for AJAX processing...
AJAX processing completed.
Save button found.
Save button clicked.

======================================
SUBMIT SUCCESSFUL
Provider : BOOONGOV2 [BOOONGO]
Currency : MMK
======================================
RESULT WRITTEN: BOOONGOV2 [BOOONGO] | MMK | PASS
Modal Cancel clicked.
Fresh Add Notification modal opened.

==============================================
Provider : BOOONGOV2 [BOOONGO]
Currency : IDR
Attempt  : 1
==============================================
Currency selected: IDR
Currency validation PASS
Waiting for merchants to load for IDR
Merchant options found: 4
Merchants selected: 4 / 4
All merchants selected successfully for IDR
Provider selected successfully: BOOONGOV2 [BOOONGO]
Start date validation PASS
End date validation PASS
Remark validation PASS

======================================
VALIDATING BEFORE SAVE
Provider : BOOONGOV2 [BOOONGO]
Currency : IDR
Start    : 2026-09-11 03:00:00
End      : 2026-09-11 04:00:00
Remark   : Provider is on maintenance
======================================

========== VALIDATION START ==========
Provider Validation | Expected: BOOONGOV2 [BOOONGO] | Actual: BOOONGOV2 [BOOONGO] | Result: PASS
Start Date Validation | Expected: 2026-09-11 03:00:00 | Actual: 2026-09-11 03:00:00 | Result: PASS
End Date Validation | Expected: 2026-09-11 04:00:00 | Actual: 2026-09-11 04:00:00 | Result: PASS
Remark Validation | Expected: Provider is on maintenance | Actual: Provider is on maintenance | Result: PASS
--------------------------------------
ALL VALIDATIONS PASSED
========== VALIDATION END ============

ALL VALIDATIONS PASSED
Waiting for AJAX processing...
AJAX processing completed.
Save button found.
Save button clicked.

======================================
SUBMIT SUCCESSFUL
Provider : BOOONGOV2 [BOOONGO]
Currency : IDR
======================================
RESULT WRITTEN: BOOONGOV2 [BOOONGO] | IDR | PASS
Modal Cancel clicked.
Fresh Add Notification modal opened.

==============================================
Provider : BOOONGOV2 [BOOONGO]
Currency : USD
Attempt  : 1
==============================================
Currency selected: USD
Currency validation PASS
Waiting for merchants to load for USD
Merchant options found: 5
Merchants selected: 5 / 5
All merchants selected successfully for USD
Provider selected successfully: BOOONGOV2 [BOOONGO]
Start date validation PASS
End date validation PASS
Remark validation PASS

======================================
VALIDATING BEFORE SAVE
Provider : BOOONGOV2 [BOOONGO]
Currency : USD
Start    : 2026-09-11 03:00:00
End      : 2026-09-11 04:00:00
Remark   : Provider is on maintenance
======================================

========== VALIDATION START ==========
Provider Validation | Expected: BOOONGOV2 [BOOONGO] | Actual: BOOONGOV2 [BOOONGO] | Result: PASS
Start Date Validation | Expected: 2026-09-11 03:00:00 | Actual: 2026-09-11 03:00:00 | Result: PASS
End Date Validation | Expected: 2026-09-11 04:00:00 | Actual: 2026-09-11 04:00:00 | Result: PASS
Remark Validation | Expected: Provider is on maintenance | Actual: Provider is on maintenance | Result: PASS
--------------------------------------
ALL VALIDATIONS PASSED
========== VALIDATION END ============

ALL VALIDATIONS PASSED
Waiting for AJAX processing...
AJAX processing completed.
Save button found.
Save button clicked.

======================================
SUBMIT SUCCESSFUL
Provider : BOOONGOV2 [BOOONGO]
Currency : USD
======================================
RESULT WRITTEN: BOOONGOV2 [BOOONGO] | USD | PASS
Modal Cancel clicked.
Fresh Add Notification modal opened.

==============================================
Provider : BOOONGOV2 [BOOONGO]
Currency : VND
Attempt  : 1
==============================================
Currency selected: VND
Currency validation PASS
Waiting for merchants to load for VND
Merchant options found: 3
Merchants selected: 3 / 3
All merchants selected successfully for VND
Provider selected successfully: BOOONGOV2 [BOOONGO]
Start date validation PASS
End date validation PASS
Remark validation PASS

======================================
VALIDATING BEFORE SAVE
Provider : BOOONGOV2 [BOOONGO]
Currency : VND
Start    : 2026-09-11 03:00:00
End      : 2026-09-11 04:00:00
Remark   : Provider is on maintenance
======================================

========== VALIDATION START ==========
Provider Validation | Expected: BOOONGOV2 [BOOONGO] | Actual: BOOONGOV2 [BOOONGO] | Result: PASS
Start Date Validation | Expected: 2026-09-11 03:00:00 | Actual: 2026-09-11 03:00:00 | Result: PASS
End Date Validation | Expected: 2026-09-11 04:00:00 | Actual: 2026-09-11 04:00:00 | Result: PASS
Remark Validation | Expected: Provider is on maintenance | Actual: Provider is on maintenance | Result: PASS
--------------------------------------
ALL VALIDATIONS PASSED
========== VALIDATION END ============

ALL VALIDATIONS PASSED
Waiting for AJAX processing...
AJAX processing completed.
Save button found.
Save button clicked.

======================================
SUBMIT SUCCESSFUL
Provider : BOOONGOV2 [BOOONGO]
Currency : VND
======================================
RESULT WRITTEN: BOOONGOV2 [BOOONGO] | VND | PASS
Modal Cancel clicked.
Fresh Add Notification modal opened.

==============================================
Provider : BOOONGOV2 [BOOONGO]
Currency : LAK
Attempt  : 1
==============================================
Currency selected: LAK
Currency validation PASS
Waiting for merchants to load for LAK
Merchant options found: 2
Merchants selected: 2 / 2
All merchants selected successfully for LAK
Provider selected successfully: BOOONGOV2 [BOOONGO]
Start date validation PASS
End date validation PASS
Remark validation PASS

======================================
VALIDATING BEFORE SAVE
Provider : BOOONGOV2 [BOOONGO]
Currency : LAK
Start    : 2026-09-11 03:00:00
End      : 2026-09-11 04:00:00
Remark   : Provider is on maintenance
======================================

========== VALIDATION START ==========
Provider Validation | Expected: BOOONGOV2 [BOOONGO] | Actual: BOOONGOV2 [BOOONGO] | Result: PASS
Start Date Validation | Expected: 2026-09-11 03:00:00 | Actual: 2026-09-11 03:00:00 | Result: PASS
End Date Validation | Expected: 2026-09-11 04:00:00 | Actual: 2026-09-11 04:00:00 | Result: PASS
Remark Validation | Expected: Provider is on maintenance | Actual: Provider is on maintenance | Result: PASS
--------------------------------------
ALL VALIDATIONS PASSED
========== VALIDATION END ============

ALL VALIDATIONS PASSED
Waiting for AJAX processing...
AJAX processing completed.
Save button found.
Save button clicked.

======================================
SUBMIT SUCCESSFUL
Provider : BOOONGOV2 [BOOONGO]
Currency : LAK
======================================
RESULT WRITTEN: BOOONGOV2 [BOOONGO] | LAK | PASS
Modal Cancel clicked.
Fresh Add Notification modal opened.

==============================================
Provider : BOOONGOV2 [BOOONGO]
Currency : TWD
Attempt  : 1
==============================================
Currency selected: TWD
Currency validation PASS
Waiting for merchants to load for TWD
Merchant options found: 2
Merchants selected: 2 / 2
All merchants selected successfully for TWD
Provider selected successfully: BOOONGOV2 [BOOONGO]
Start date validation PASS
End date validation PASS
Remark validation PASS

======================================
VALIDATING BEFORE SAVE
Provider : BOOONGOV2 [BOOONGO]
Currency : TWD
Start    : 2026-09-11 03:00:00
End      : 2026-09-11 04:00:00
Remark   : Provider is on maintenance
======================================

========== VALIDATION START ==========
Provider Validation | Expected: BOOONGOV2 [BOOONGO] | Actual: BOOONGOV2 [BOOONGO] | Result: PASS
Start Date Validation | Expected: 2026-09-11 03:00:00 | Actual: 2026-09-11 03:00:00 | Result: PASS
End Date Validation | Expected: 2026-09-11 04:00:00 | Actual: 2026-09-11 04:00:00 | Result: PASS
Remark Validation | Expected: Provider is on maintenance | Actual: Provider is on maintenance | Result: PASS
--------------------------------------
ALL VALIDATIONS PASSED
========== VALIDATION END ============

ALL VALIDATIONS PASSED
Waiting for AJAX processing...
AJAX processing completed.
Save button found.
Save button clicked.

======================================
SUBMIT SUCCESSFUL
Provider : BOOONGOV2 [BOOONGO]
Currency : TWD
======================================
RESULT WRITTEN: BOOONGOV2 [BOOONGO] | TWD | PASS
Modal Cancel clicked.
Fresh Add Notification modal opened.

==============================================
Provider : BOOONGOV2 [BOOONGO]
Currency : PGK
Attempt  : 1
==============================================
Currency selected: PGK
Currency validation PASS
Waiting for merchants to load for PGK
Merchant options found: 3
Merchants selected: 3 / 3
All merchants selected successfully for PGK
Provider selected successfully: BOOONGOV2 [BOOONGO]
Start date validation PASS
End date validation PASS
Remark validation PASS

======================================
VALIDATING BEFORE SAVE
Provider : BOOONGOV2 [BOOONGO]
Currency : PGK
Start    : 2026-09-11 03:00:00
End      : 2026-09-11 04:00:00
Remark   : Provider is on maintenance
======================================

========== VALIDATION START ==========
Provider Validation | Expected: BOOONGOV2 [BOOONGO] | Actual: BOOONGOV2 [BOOONGO] | Result: PASS
Start Date Validation | Expected: 2026-09-11 03:00:00 | Actual: 2026-09-11 03:00:00 | Result: PASS
End Date Validation | Expected: 2026-09-11 04:00:00 | Actual: 2026-09-11 04:00:00 | Result: PASS
Remark Validation | Expected: Provider is on maintenance | Actual: Provider is on maintenance | Result: PASS
--------------------------------------
ALL VALIDATIONS PASSED
========== VALIDATION END ============

ALL VALIDATIONS PASSED
Waiting for AJAX processing...
AJAX processing completed.
Save button found.
Save button clicked.

======================================
SUBMIT SUCCESSFUL
Provider : BOOONGOV2 [BOOONGO]
Currency : PGK
======================================
RESULT WRITTEN: BOOONGOV2 [BOOONGO] | PGK | PASS
Modal Cancel clicked.
Fresh Add Notification modal opened.

==============================================
Provider : BOOONGOV2 [BOOONGO]
Currency : LKR
Attempt  : 1
==============================================
Currency selected: LKR
Currency validation PASS
Waiting for merchants to load for LKR
Merchant options found: 1
Merchants selected: 1 / 1
All merchants selected successfully for LKR
Provider selected successfully: BOOONGOV2 [BOOONGO]
Start date validation PASS
End date validation PASS
Remark validation PASS

======================================
VALIDATING BEFORE SAVE
Provider : BOOONGOV2 [BOOONGO]
Currency : LKR
Start    : 2026-09-11 03:00:00
End      : 2026-09-11 04:00:00
Remark   : Provider is on maintenance
======================================

========== VALIDATION START ==========
Provider Validation | Expected: BOOONGOV2 [BOOONGO] | Actual: BOOONGOV2 [BOOONGO] | Result: PASS
Start Date Validation | Expected: 2026-09-11 03:00:00 | Actual: 2026-09-11 03:00:00 | Result: PASS
End Date Validation | Expected: 2026-09-11 04:00:00 | Actual: 2026-09-11 04:00:00 | Result: PASS
Remark Validation | Expected: Provider is on maintenance | Actual: Provider is on maintenance | Result: PASS
--------------------------------------
ALL VALIDATIONS PASSED
========== VALIDATION END ============

ALL VALIDATIONS PASSED
Waiting for AJAX processing...
AJAX processing completed.
Save button found.
Save button clicked.

======================================
SUBMIT SUCCESSFUL
Provider : BOOONGOV2 [BOOONGO]
Currency : LKR
======================================
RESULT WRITTEN: BOOONGOV2 [BOOONGO] | LKR | PASS
Modal Cancel clicked.
Last currency completed for provider: BOOONGOV2 [BOOONGO]
No new modal will be opened.

==============================================
NORMAL CURRENCY PROCESSING COMPLETED
Provider : BOOONGOV2 [BOOONGO]
No definite failed currencies.
==============================================

##############################################
PROVIDER COMPLETED
Provider : BOOONGOV2 [BOOONGO]
##############################################

##############################################
STARTING PROVIDER
Provider : CROWDPLAY [CROWDPLAY]
Start    : 2026-09-11 06:30:00
End      : 2026-09-11 08:30:00
Remark   : Provider is on maintenance
##############################################
Fresh Add Notification modal opened.
Currencies available: [THB, BDT, INR, PKR, SGD, AUD, HKD, MYR, NPR, PHP, MMK, IDR, USD, VND, LAK, TWD, PGK, LKR]

==============================================
Provider : CROWDPLAY [CROWDPLAY]
Currency : THB
Attempt  : 1
==============================================
Currency selected: THB
Currency validation PASS
Waiting for merchants to load for THB
Merchant options found: 34
Merchants selected: 34 / 34
All merchants selected successfully for THB
Provider selected successfully: CROWDPLAY [CROWDPLAY]
Start date validation PASS
End date validation PASS
Remark validation PASS

======================================
VALIDATING BEFORE SAVE
Provider : CROWDPLAY [CROWDPLAY]
Currency : THB
Start    : 2026-09-11 06:30:00
End      : 2026-09-11 08:30:00
Remark   : Provider is on maintenance
======================================

========== VALIDATION START ==========
Provider Validation | Expected: CROWDPLAY [CROWDPLAY] | Actual: CROWDPLAY [CROWDPLAY] | Result: PASS
Start Date Validation | Expected: 2026-09-11 06:30:00 | Actual: 2026-09-11 06:30:00 | Result: PASS
End Date Validation | Expected: 2026-09-11 08:30:00 | Actual: 2026-09-11 08:30:00 | Result: PASS
Remark Validation | Expected: Provider is on maintenance | Actual: Provider is on maintenance | Result: PASS
--------------------------------------
ALL VALIDATIONS PASSED
========== VALIDATION END ============

ALL VALIDATIONS PASSED
Waiting for AJAX processing...
AJAX processing completed.
Save button found.
Save button clicked.

======================================
SUBMIT SUCCESSFUL
Provider : CROWDPLAY [CROWDPLAY]
Currency : THB
======================================
RESULT WRITTEN: CROWDPLAY [CROWDPLAY] | THB | PASS
Modal Cancel clicked.
Fresh Add Notification modal opened.

==============================================
Provider : CROWDPLAY [CROWDPLAY]
Currency : BDT
Attempt  : 1
==============================================
Currency selected: BDT
Currency validation PASS
Waiting for merchants to load for BDT
Merchant options found: 11
Merchants selected: 11 / 11
All merchants selected successfully for BDT
Provider selected successfully: CROWDPLAY [CROWDPLAY]
Start date validation PASS
End date validation PASS
Remark validation PASS

======================================
VALIDATING BEFORE SAVE
Provider : CROWDPLAY [CROWDPLAY]
Currency : BDT
Start    : 2026-09-11 06:30:00
End      : 2026-09-11 08:30:00
Remark   : Provider is on maintenance
======================================

========== VALIDATION START ==========
Provider Validation | Expected: CROWDPLAY [CROWDPLAY] | Actual: CROWDPLAY [CROWDPLAY] | Result: PASS
Start Date Validation | Expected: 2026-09-11 06:30:00 | Actual: 2026-09-11 06:30:00 | Result: PASS
End Date Validation | Expected: 2026-09-11 08:30:00 | Actual: 2026-09-11 08:30:00 | Result: PASS
Remark Validation | Expected: Provider is on maintenance | Actual: Provider is on maintenance | Result: PASS
--------------------------------------
ALL VALIDATIONS PASSED
========== VALIDATION END ============

ALL VALIDATIONS PASSED
Waiting for AJAX processing...
AJAX processing completed.
Save button found.
Save button clicked.

======================================
SUBMIT SUCCESSFUL
Provider : CROWDPLAY [CROWDPLAY]
Currency : BDT
======================================
RESULT WRITTEN: CROWDPLAY [CROWDPLAY] | BDT | PASS
Modal Cancel clicked.
Fresh Add Notification modal opened.

==============================================
Provider : CROWDPLAY [CROWDPLAY]
Currency : INR
Attempt  : 1
==============================================
Currency selected: INR
Currency validation PASS
Waiting for merchants to load for INR
Merchant options found: 5
Merchants selected: 5 / 5
All merchants selected successfully for INR
Provider selected successfully: CROWDPLAY [CROWDPLAY]
Start date validation PASS
End date validation PASS
Remark validation PASS

======================================
VALIDATING BEFORE SAVE
Provider : CROWDPLAY [CROWDPLAY]
Currency : INR
Start    : 2026-09-11 06:30:00
End      : 2026-09-11 08:30:00
Remark   : Provider is on maintenance
======================================

========== VALIDATION START ==========
Provider Validation | Expected: CROWDPLAY [CROWDPLAY] | Actual: CROWDPLAY [CROWDPLAY] | Result: PASS
Start Date Validation | Expected: 2026-09-11 06:30:00 | Actual: 2026-09-11 06:30:00 | Result: PASS
End Date Validation | Expected: 2026-09-11 08:30:00 | Actual: 2026-09-11 08:30:00 | Result: PASS
Remark Validation | Expected: Provider is on maintenance | Actual: Provider is on maintenance | Result: PASS
--------------------------------------
ALL VALIDATIONS PASSED
========== VALIDATION END ============

ALL VALIDATIONS PASSED
Waiting for AJAX processing...
AJAX processing completed.
Save button found.
Save button clicked.

======================================
SUBMIT SUCCESSFUL
Provider : CROWDPLAY [CROWDPLAY]
Currency : INR
======================================
RESULT WRITTEN: CROWDPLAY [CROWDPLAY] | INR | PASS
Modal Cancel clicked.
Fresh Add Notification modal opened.

==============================================
Provider : CROWDPLAY [CROWDPLAY]
Currency : PKR
Attempt  : 1
==============================================
Currency selected: PKR
Currency validation PASS
Waiting for merchants to load for PKR
Merchant options found: 4
Merchants selected: 4 / 4
All merchants selected successfully for PKR
Provider selected successfully: CROWDPLAY [CROWDPLAY]
Start date validation PASS
End date validation PASS
Remark validation PASS

======================================
VALIDATING BEFORE SAVE
Provider : CROWDPLAY [CROWDPLAY]
Currency : PKR
Start    : 2026-09-11 06:30:00
End      : 2026-09-11 08:30:00
Remark   : Provider is on maintenance
======================================

========== VALIDATION START ==========
Provider Validation | Expected: CROWDPLAY [CROWDPLAY] | Actual: CROWDPLAY [CROWDPLAY] | Result: PASS
Start Date Validation | Expected: 2026-09-11 06:30:00 | Actual: 2026-09-11 06:30:00 | Result: PASS
End Date Validation | Expected: 2026-09-11 08:30:00 | Actual: 2026-09-11 08:30:00 | Result: PASS
Remark Validation | Expected: Provider is on maintenance | Actual: Provider is on maintenance | Result: PASS
--------------------------------------
ALL VALIDATIONS PASSED
========== VALIDATION END ============

ALL VALIDATIONS PASSED
Waiting for AJAX processing...
AJAX processing completed.
Save button found.
Save button clicked.

======================================
SUBMIT SUCCESSFUL
Provider : CROWDPLAY [CROWDPLAY]
Currency : PKR
======================================
RESULT WRITTEN: CROWDPLAY [CROWDPLAY] | PKR | PASS
Modal Cancel clicked.
Fresh Add Notification modal opened.

==============================================
Provider : CROWDPLAY [CROWDPLAY]
Currency : SGD
Attempt  : 1
==============================================
Currency selected: SGD
Currency validation PASS
Waiting for merchants to load for SGD
Merchant options found: 9
Merchants selected: 9 / 9
All merchants selected successfully for SGD
Provider selected successfully: CROWDPLAY [CROWDPLAY]
Start date validation PASS
End date validation PASS
Remark validation PASS

======================================
VALIDATING BEFORE SAVE
Provider : CROWDPLAY [CROWDPLAY]
Currency : SGD
Start    : 2026-09-11 06:30:00
End      : 2026-09-11 08:30:00
Remark   : Provider is on maintenance
======================================

========== VALIDATION START ==========
Provider Validation | Expected: CROWDPLAY [CROWDPLAY] | Actual: CROWDPLAY [CROWDPLAY] | Result: PASS
Start Date Validation | Expected: 2026-09-11 06:30:00 | Actual: 2026-09-11 06:30:00 | Result: PASS
End Date Validation | Expected: 2026-09-11 08:30:00 | Actual: 2026-09-11 08:30:00 | Result: PASS
Remark Validation | Expected: Provider is on maintenance | Actual: Provider is on maintenance | Result: PASS
--------------------------------------
ALL VALIDATIONS PASSED
========== VALIDATION END ============

ALL VALIDATIONS PASSED
Waiting for AJAX processing...
AJAX processing completed.
Save button found.
Save button clicked.

======================================
SUBMIT SUCCESSFUL
Provider : CROWDPLAY [CROWDPLAY]
Currency : SGD
======================================
RESULT WRITTEN: CROWDPLAY [CROWDPLAY] | SGD | PASS
Modal Cancel clicked.
Fresh Add Notification modal opened.

==============================================
Provider : CROWDPLAY [CROWDPLAY]
Currency : AUD
Attempt  : 1
==============================================
Currency selected: AUD
Currency validation PASS
Waiting for merchants to load for AUD
Merchant options found: 25
Merchants selected: 25 / 25
All merchants selected successfully for AUD
Provider selected successfully: CROWDPLAY [CROWDPLAY]
Start date validation PASS
End date validation PASS
Remark validation PASS

======================================
VALIDATING BEFORE SAVE
Provider : CROWDPLAY [CROWDPLAY]
Currency : AUD
Start    : 2026-09-11 06:30:00
End      : 2026-09-11 08:30:00
Remark   : Provider is on maintenance
======================================

========== VALIDATION START ==========
Provider Validation | Expected: CROWDPLAY [CROWDPLAY] | Actual: CROWDPLAY [CROWDPLAY] | Result: PASS
Start Date Validation | Expected: 2026-09-11 06:30:00 | Actual: 2026-09-11 06:30:00 | Result: PASS
End Date Validation | Expected: 2026-09-11 08:30:00 | Actual: 2026-09-11 08:30:00 | Result: PASS
Remark Validation | Expected: Provider is on maintenance | Actual: Provider is on maintenance | Result: PASS
--------------------------------------
ALL VALIDATIONS PASSED
========== VALIDATION END ============

ALL VALIDATIONS PASSED
Waiting for AJAX processing...
AJAX processing completed.
Save button found.
Save button clicked.

======================================
SUBMIT SUCCESSFUL
Provider : CROWDPLAY [CROWDPLAY]
Currency : AUD
======================================
RESULT WRITTEN: CROWDPLAY [CROWDPLAY] | AUD | PASS
Modal Cancel clicked.
Fresh Add Notification modal opened.

==============================================
Provider : CROWDPLAY [CROWDPLAY]
Currency : HKD
Attempt  : 1
==============================================
Currency selected: HKD
Currency validation PASS
Waiting for merchants to load for HKD
Merchant options found: 3
Merchants selected: 3 / 3
All merchants selected successfully for HKD
Provider selected successfully: CROWDPLAY [CROWDPLAY]
Start date validation PASS
End date validation PASS
Remark validation PASS

======================================
VALIDATING BEFORE SAVE
Provider : CROWDPLAY [CROWDPLAY]
Currency : HKD
Start    : 2026-09-11 06:30:00
End      : 2026-09-11 08:30:00
Remark   : Provider is on maintenance
======================================

========== VALIDATION START ==========
Provider Validation | Expected: CROWDPLAY [CROWDPLAY] | Actual: CROWDPLAY [CROWDPLAY] | Result: PASS
Start Date Validation | Expected: 2026-09-11 06:30:00 | Actual: 2026-09-11 06:30:00 | Result: PASS
End Date Validation | Expected: 2026-09-11 08:30:00 | Actual: 2026-09-11 08:30:00 | Result: PASS
Remark Validation | Expected: Provider is on maintenance | Actual: Provider is on maintenance | Result: PASS
--------------------------------------
ALL VALIDATIONS PASSED
========== VALIDATION END ============

ALL VALIDATIONS PASSED
Waiting for AJAX processing...
AJAX processing completed.
Save button found.
Save button clicked.

======================================
SUBMIT SUCCESSFUL
Provider : CROWDPLAY [CROWDPLAY]
Currency : HKD
======================================
RESULT WRITTEN: CROWDPLAY [CROWDPLAY] | HKD | PASS
Modal Cancel clicked.
Fresh Add Notification modal opened.

==============================================
Provider : CROWDPLAY [CROWDPLAY]
Currency : MYR
Attempt  : 1
==============================================
Currency selected: MYR
Currency validation PASS
Waiting for merchants to load for MYR
Merchant options found: 22
Merchants selected: 22 / 22
All merchants selected successfully for MYR
Provider selected successfully: CROWDPLAY [CROWDPLAY]
Start date validation PASS
End date validation PASS
Remark validation PASS

======================================
VALIDATING BEFORE SAVE
Provider : CROWDPLAY [CROWDPLAY]
Currency : MYR
Start    : 2026-09-11 06:30:00
End      : 2026-09-11 08:30:00
Remark   : Provider is on maintenance
======================================

========== VALIDATION START ==========
Provider Validation | Expected: CROWDPLAY [CROWDPLAY] | Actual: CROWDPLAY [CROWDPLAY] | Result: PASS
Start Date Validation | Expected: 2026-09-11 06:30:00 | Actual: 2026-09-11 06:30:00 | Result: PASS
End Date Validation | Expected: 2026-09-11 08:30:00 | Actual: 2026-09-11 08:30:00 | Result: PASS
Remark Validation | Expected: Provider is on maintenance | Actual: Provider is on maintenance | Result: PASS
--------------------------------------
ALL VALIDATIONS PASSED
========== VALIDATION END ============

ALL VALIDATIONS PASSED
Waiting for AJAX processing...
AJAX processing completed.
Save button found.
Save button clicked.

======================================
SUBMIT SUCCESSFUL
Provider : CROWDPLAY [CROWDPLAY]
Currency : MYR
======================================
RESULT WRITTEN: CROWDPLAY [CROWDPLAY] | MYR | PASS
Modal Cancel clicked.
Fresh Add Notification modal opened.

==============================================
Provider : CROWDPLAY [CROWDPLAY]
Currency : NPR
Attempt  : 1
==============================================
Currency selected: NPR
Currency validation PASS
Waiting for merchants to load for NPR
Merchant options found: 33
Merchants selected: 33 / 33
All merchants selected successfully for NPR
Provider selected successfully: CROWDPLAY [CROWDPLAY]
Start date validation PASS
End date validation PASS
Remark validation PASS

======================================
VALIDATING BEFORE SAVE
Provider : CROWDPLAY [CROWDPLAY]
Currency : NPR
Start    : 2026-09-11 06:30:00
End      : 2026-09-11 08:30:00
Remark   : Provider is on maintenance
======================================

========== VALIDATION START ==========
Provider Validation | Expected: CROWDPLAY [CROWDPLAY] | Actual: CROWDPLAY [CROWDPLAY] | Result: PASS
Start Date Validation | Expected: 2026-09-11 06:30:00 | Actual: 2026-09-11 06:30:00 | Result: PASS
End Date Validation | Expected: 2026-09-11 08:30:00 | Actual: 2026-09-11 08:30:00 | Result: PASS
Remark Validation | Expected: Provider is on maintenance | Actual: Provider is on maintenance | Result: PASS
--------------------------------------
ALL VALIDATIONS PASSED
========== VALIDATION END ============

ALL VALIDATIONS PASSED
Waiting for AJAX processing...
AJAX processing completed.
Save button found.
Save button clicked.

======================================
SUBMIT SUCCESSFUL
Provider : CROWDPLAY [CROWDPLAY]
Currency : NPR
======================================
RESULT WRITTEN: CROWDPLAY [CROWDPLAY] | NPR | PASS
Modal Cancel clicked.
Fresh Add Notification modal opened.

==============================================
Provider : CROWDPLAY [CROWDPLAY]
Currency : PHP
Attempt  : 1
==============================================
Currency selected: PHP
Currency validation PASS
Waiting for merchants to load for PHP
Merchant options found: 13
Merchants selected: 13 / 13
All merchants selected successfully for PHP
Provider selected successfully: CROWDPLAY [CROWDPLAY]
Start date validation PASS
End date validation PASS
Remark validation PASS

======================================
VALIDATING BEFORE SAVE
Provider : CROWDPLAY [CROWDPLAY]
Currency : PHP
Start    : 2026-09-11 06:30:00
End      : 2026-09-11 08:30:00
Remark   : Provider is on maintenance
======================================

========== VALIDATION START ==========
Provider Validation | Expected: CROWDPLAY [CROWDPLAY] | Actual: CROWDPLAY [CROWDPLAY] | Result: PASS
Start Date Validation | Expected: 2026-09-11 06:30:00 | Actual: 2026-09-11 06:30:00 | Result: PASS
End Date Validation | Expected: 2026-09-11 08:30:00 | Actual: 2026-09-11 08:30:00 | Result: PASS
Remark Validation | Expected: Provider is on maintenance | Actual: Provider is on maintenance | Result: PASS
--------------------------------------
ALL VALIDATIONS PASSED
========== VALIDATION END ============

ALL VALIDATIONS PASSED
Waiting for AJAX processing...
AJAX processing completed.
Save button found.
Save button clicked.

======================================
SUBMIT SUCCESSFUL
Provider : CROWDPLAY [CROWDPLAY]
Currency : PHP
======================================
RESULT WRITTEN: CROWDPLAY [CROWDPLAY] | PHP | PASS
Modal Cancel clicked.
Fresh Add Notification modal opened.

==============================================
Provider : CROWDPLAY [CROWDPLAY]
Currency : MMK
Attempt  : 1
==============================================
Currency selected: MMK
Currency validation PASS
Waiting for merchants to load for MMK
Merchant options found: 2
Merchants selected: 2 / 2
All merchants selected successfully for MMK
Provider selected successfully: CROWDPLAY [CROWDPLAY]
Start date validation PASS
End date validation PASS
Remark validation PASS

======================================
VALIDATING BEFORE SAVE
Provider : CROWDPLAY [CROWDPLAY]
Currency : MMK
Start    : 2026-09-11 06:30:00
End      : 2026-09-11 08:30:00
Remark   : Provider is on maintenance
======================================

========== VALIDATION START ==========
Provider Validation | Expected: CROWDPLAY [CROWDPLAY] | Actual: CROWDPLAY [CROWDPLAY] | Result: PASS
Start Date Validation | Expected: 2026-09-11 06:30:00 | Actual: 2026-09-11 06:30:00 | Result: PASS
End Date Validation | Expected: 2026-09-11 08:30:00 | Actual: 2026-09-11 08:30:00 | Result: PASS
Remark Validation | Expected: Provider is on maintenance | Actual: Provider is on maintenance | Result: PASS
--------------------------------------
ALL VALIDATIONS PASSED
========== VALIDATION END ============

ALL VALIDATIONS PASSED
Waiting for AJAX processing...
AJAX processing completed.
Save button found.
Save button clicked.

======================================
SUBMIT SUCCESSFUL
Provider : CROWDPLAY [CROWDPLAY]
Currency : MMK
======================================
RESULT WRITTEN: CROWDPLAY [CROWDPLAY] | MMK | PASS
Modal Cancel clicked.
Fresh Add Notification modal opened.

==============================================
Provider : CROWDPLAY [CROWDPLAY]
Currency : IDR
Attempt  : 1
==============================================
Currency selected: IDR
Currency validation PASS
Waiting for merchants to load for IDR
Merchant options found: 4
Merchants selected: 4 / 4
All merchants selected successfully for IDR
Provider selected successfully: CROWDPLAY [CROWDPLAY]
Start date validation PASS
End date validation PASS
Remark validation PASS

======================================
VALIDATING BEFORE SAVE
Provider : CROWDPLAY [CROWDPLAY]
Currency : IDR
Start    : 2026-09-11 06:30:00
End      : 2026-09-11 08:30:00
Remark   : Provider is on maintenance
======================================

========== VALIDATION START ==========
Provider Validation | Expected: CROWDPLAY [CROWDPLAY] | Actual: CROWDPLAY [CROWDPLAY] | Result: PASS
Start Date Validation | Expected: 2026-09-11 06:30:00 | Actual: 2026-09-11 06:30:00 | Result: PASS
End Date Validation | Expected: 2026-09-11 08:30:00 | Actual: 2026-09-11 08:30:00 | Result: PASS
Remark Validation | Expected: Provider is on maintenance | Actual: Provider is on maintenance | Result: PASS
--------------------------------------
ALL VALIDATIONS PASSED
========== VALIDATION END ============

ALL VALIDATIONS PASSED
Waiting for AJAX processing...
AJAX processing completed.
Save button found.
Save button clicked.

======================================
SUBMIT SUCCESSFUL
Provider : CROWDPLAY [CROWDPLAY]
Currency : IDR
======================================
RESULT WRITTEN: CROWDPLAY [CROWDPLAY] | IDR | PASS
Modal Cancel clicked.
Fresh Add Notification modal opened.

==============================================
Provider : CROWDPLAY [CROWDPLAY]
Currency : USD
Attempt  : 1
==============================================
Currency selected: USD
Currency validation PASS
Waiting for merchants to load for USD
Merchant options found: 5
Merchants selected: 5 / 5
All merchants selected successfully for USD
Provider selected successfully: CROWDPLAY [CROWDPLAY]
Start date validation PASS
End date validation PASS
Remark validation PASS

======================================
VALIDATING BEFORE SAVE
Provider : CROWDPLAY [CROWDPLAY]
Currency : USD
Start    : 2026-09-11 06:30:00
End      : 2026-09-11 08:30:00
Remark   : Provider is on maintenance
======================================

========== VALIDATION START ==========
Provider Validation | Expected: CROWDPLAY [CROWDPLAY] | Actual: CROWDPLAY [CROWDPLAY] | Result: PASS
Start Date Validation | Expected: 2026-09-11 06:30:00 | Actual: 2026-09-11 06:30:00 | Result: PASS
End Date Validation | Expected: 2026-09-11 08:30:00 | Actual: 2026-09-11 08:30:00 | Result: PASS
Remark Validation | Expected: Provider is on maintenance | Actual: Provider is on maintenance | Result: PASS
--------------------------------------
ALL VALIDATIONS PASSED
========== VALIDATION END ============

ALL VALIDATIONS PASSED
Waiting for AJAX processing...
AJAX processing completed.
Save button found.
Save button clicked.

======================================
SUBMIT SUCCESSFUL
Provider : CROWDPLAY [CROWDPLAY]
Currency : USD
======================================
RESULT WRITTEN: CROWDPLAY [CROWDPLAY] | USD | PASS
Modal Cancel clicked.
Fresh Add Notification modal opened.

==============================================
Provider : CROWDPLAY [CROWDPLAY]
Currency : VND
Attempt  : 1
==============================================
Currency selected: VND
Currency validation PASS
Waiting for merchants to load for VND
Merchant options found: 3
Merchants selected: 3 / 3
All merchants selected successfully for VND
Provider selected successfully: CROWDPLAY [CROWDPLAY]
Start date validation PASS
End date validation PASS
Remark validation PASS

======================================
VALIDATING BEFORE SAVE
Provider : CROWDPLAY [CROWDPLAY]
Currency : VND
Start    : 2026-09-11 06:30:00
End      : 2026-09-11 08:30:00
Remark   : Provider is on maintenance
======================================

========== VALIDATION START ==========
Provider Validation | Expected: CROWDPLAY [CROWDPLAY] | Actual: CROWDPLAY [CROWDPLAY] | Result: PASS
Start Date Validation | Expected: 2026-09-11 06:30:00 | Actual: 2026-09-11 06:30:00 | Result: PASS
End Date Validation | Expected: 2026-09-11 08:30:00 | Actual: 2026-09-11 08:30:00 | Result: PASS
Remark Validation | Expected: Provider is on maintenance | Actual: Provider is on maintenance | Result: PASS
--------------------------------------
ALL VALIDATIONS PASSED
========== VALIDATION END ============

ALL VALIDATIONS PASSED
Waiting for AJAX processing...
AJAX processing completed.
Save button found.
Save button clicked.

======================================
SUBMIT SUCCESSFUL
Provider : CROWDPLAY [CROWDPLAY]
Currency : VND
======================================
RESULT WRITTEN: CROWDPLAY [CROWDPLAY] | VND | PASS
Modal Cancel clicked.
Fresh Add Notification modal opened.

==============================================
Provider : CROWDPLAY [CROWDPLAY]
Currency : LAK
Attempt  : 1
==============================================
Currency selected: LAK
Currency validation PASS
Waiting for merchants to load for LAK
Merchant options found: 2
Merchants selected: 2 / 2
All merchants selected successfully for LAK
Provider selected successfully: CROWDPLAY [CROWDPLAY]
Start date validation PASS
End date validation PASS
Remark validation PASS

======================================
VALIDATING BEFORE SAVE
Provider : CROWDPLAY [CROWDPLAY]
Currency : LAK
Start    : 2026-09-11 06:30:00
End      : 2026-09-11 08:30:00
Remark   : Provider is on maintenance
======================================

========== VALIDATION START ==========
Provider Validation | Expected: CROWDPLAY [CROWDPLAY] | Actual: CROWDPLAY [CROWDPLAY] | Result: PASS
Start Date Validation | Expected: 2026-09-11 06:30:00 | Actual: 2026-09-11 06:30:00 | Result: PASS
End Date Validation | Expected: 2026-09-11 08:30:00 | Actual: 2026-09-11 08:30:00 | Result: PASS
Remark Validation | Expected: Provider is on maintenance | Actual: Provider is on maintenance | Result: PASS
--------------------------------------
ALL VALIDATIONS PASSED
========== VALIDATION END ============

ALL VALIDATIONS PASSED
Waiting for AJAX processing...
AJAX processing completed.
Save button found.
Save button clicked.

======================================
SUBMIT SUCCESSFUL
Provider : CROWDPLAY [CROWDPLAY]
Currency : LAK
======================================
RESULT WRITTEN: CROWDPLAY [CROWDPLAY] | LAK | PASS
Modal Cancel clicked.
Fresh Add Notification modal opened.

==============================================
Provider : CROWDPLAY [CROWDPLAY]
Currency : TWD
Attempt  : 1
==============================================
Currency selected: TWD
Currency validation PASS
Waiting for merchants to load for TWD
Merchant options found: 2
Merchants selected: 2 / 2
All merchants selected successfully for TWD
Provider selected successfully: CROWDPLAY [CROWDPLAY]
Start date validation PASS
End date validation PASS
Remark validation PASS

======================================
VALIDATING BEFORE SAVE
Provider : CROWDPLAY [CROWDPLAY]
Currency : TWD
Start    : 2026-09-11 06:30:00
End      : 2026-09-11 08:30:00
Remark   : Provider is on maintenance
======================================

========== VALIDATION START ==========
Provider Validation | Expected: CROWDPLAY [CROWDPLAY] | Actual: CROWDPLAY [CROWDPLAY] | Result: PASS
Start Date Validation | Expected: 2026-09-11 06:30:00 | Actual: 2026-09-11 06:30:00 | Result: PASS
End Date Validation | Expected: 2026-09-11 08:30:00 | Actual: 2026-09-11 08:30:00 | Result: PASS
Remark Validation | Expected: Provider is on maintenance | Actual: Provider is on maintenance | Result: PASS
--------------------------------------
ALL VALIDATIONS PASSED
========== VALIDATION END ============

ALL VALIDATIONS PASSED
Waiting for AJAX processing...
AJAX processing completed.
Save button found.
Save button clicked.

======================================
SUBMIT SUCCESSFUL
Provider : CROWDPLAY [CROWDPLAY]
Currency : TWD
======================================
RESULT WRITTEN: CROWDPLAY [CROWDPLAY] | TWD | PASS
Modal Cancel clicked.
Fresh Add Notification modal opened.

==============================================
Provider : CROWDPLAY [CROWDPLAY]
Currency : PGK
Attempt  : 1
==============================================
Currency selected: PGK
Currency validation PASS
Waiting for merchants to load for PGK
Merchant options found: 3
Merchants selected: 3 / 3
All merchants selected successfully for PGK
Provider selected successfully: CROWDPLAY [CROWDPLAY]
Start date validation PASS
End date validation PASS
Remark validation PASS

======================================
VALIDATING BEFORE SAVE
Provider : CROWDPLAY [CROWDPLAY]
Currency : PGK
Start    : 2026-09-11 06:30:00
End      : 2026-09-11 08:30:00
Remark   : Provider is on maintenance
======================================

========== VALIDATION START ==========
Provider Validation | Expected: CROWDPLAY [CROWDPLAY] | Actual: CROWDPLAY [CROWDPLAY] | Result: PASS
Start Date Validation | Expected: 2026-09-11 06:30:00 | Actual: 2026-09-11 06:30:00 | Result: PASS
End Date Validation | Expected: 2026-09-11 08:30:00 | Actual: 2026-09-11 08:30:00 | Result: PASS
Remark Validation | Expected: Provider is on maintenance | Actual: Provider is on maintenance | Result: PASS
--------------------------------------
ALL VALIDATIONS PASSED
========== VALIDATION END ============

ALL VALIDATIONS PASSED
Waiting for AJAX processing...
AJAX processing completed.
Save button found.
Save button clicked.

======================================
SUBMIT SUCCESSFUL
Provider : CROWDPLAY [CROWDPLAY]
Currency : PGK
======================================
RESULT WRITTEN: CROWDPLAY [CROWDPLAY] | PGK | PASS
Modal Cancel clicked.
Fresh Add Notification modal opened.

==============================================
Provider : CROWDPLAY [CROWDPLAY]
Currency : LKR
Attempt  : 1
==============================================
Currency selected: LKR
Currency validation PASS
Waiting for merchants to load for LKR
Merchant options found: 1
Merchants selected: 1 / 1
All merchants selected successfully for LKR
Provider selected successfully: CROWDPLAY [CROWDPLAY]
Start date validation PASS
End date validation PASS
Remark validation PASS

======================================
VALIDATING BEFORE SAVE
Provider : CROWDPLAY [CROWDPLAY]
Currency : LKR
Start    : 2026-09-11 06:30:00
End      : 2026-09-11 08:30:00
Remark   : Provider is on maintenance
======================================

========== VALIDATION START ==========
Provider Validation | Expected: CROWDPLAY [CROWDPLAY] | Actual: CROWDPLAY [CROWDPLAY] | Result: PASS
Start Date Validation | Expected: 2026-09-11 06:30:00 | Actual: 2026-09-11 06:30:00 | Result: PASS
End Date Validation | Expected: 2026-09-11 08:30:00 | Actual: 2026-09-11 08:30:00 | Result: PASS
Remark Validation | Expected: Provider is on maintenance | Actual: Provider is on maintenance | Result: PASS
--------------------------------------
ALL VALIDATIONS PASSED
========== VALIDATION END ============

ALL VALIDATIONS PASSED
Waiting for AJAX processing...
AJAX processing completed.
Save button found.
Save button clicked.

======================================
SUBMIT SUCCESSFUL
Provider : CROWDPLAY [CROWDPLAY]
Currency : LKR
======================================
RESULT WRITTEN: CROWDPLAY [CROWDPLAY] | LKR | PASS
Modal Cancel clicked.
Last currency completed for provider: CROWDPLAY [CROWDPLAY]
No new modal will be opened.

==============================================
NORMAL CURRENCY PROCESSING COMPLETED
Provider : CROWDPLAY [CROWDPLAY]
No definite failed currencies.
==============================================

##############################################
PROVIDER COMPLETED
Provider : CROWDPLAY [CROWDPLAY]
##############################################
Blank provider row found.
Skipping Excel row.
Blank provider row found.
Skipping Excel row.
Blank provider row found.
Skipping Excel row.
Blank provider row found.
Skipping Excel row.
Blank provider row found.
Skipping Excel row.
Blank provider row found.
Skipping Excel row.
Blank provider row found.
Skipping Excel row.
Blank provider row found.
Skipping Excel row.
Blank provider row found.
Skipping Excel row.

==============================================
ALL EXCEL PROVIDERS COMPLETED
==============================================
[WARNING] thread Thread[#48,CompletableFutureDelayScheduler,5,com.framework.practice] was interrupted but is still alive after waiting at least 14994msecs
[WARNING] thread Thread[#48,CompletableFutureDelayScheduler,5,com.framework.practice] will linger despite being asked to die via interruption
[WARNING] thread Thread[#69,UrlChecker-3,5,com.framework.practice] will linger despite being asked to die via interruption
[WARNING] NOTE: 2 thread(s) did not finish despite being asked to via interruption. This is not a problem with exec:java, it is a problem with the running code. Although not serious, it should be remedied.
[INFO] ------------------------------------------------------------------------
[INFO] BUILD SUCCESS
[INFO] ------------------------------------------------------------------------
[INFO] Total time:  22:36 min
[INFO] Finished at: 2026-09-10T17:04:14+05:30
[INFO] ------------------------------------------------------------------------
 
Automation Exit Code: 0 
Automation Finished: Thu 09/10/2026 17:04:15.24 
========================================== 
